id,Age
15000,7.973772568288871
15001,10.715108919632808
15002,5.380970305027521
15003,11.428295378756829
15004,10.46084418756409
15005,13.129321023146522
15006,11.571760460860547
15007,7.570055293627837
15008,10.18039170522119
15009,10.624595936329628
15010,6.597871296332104
15011,7.570055293627837
15012,15.14127762710479
15013,9.473542630150497
15014,8.49343635787201
15015,6.558307496565906
15016,9.708765939031366
15017,7.576903277346142
15018,6.87512948459009
15019,8.022354011587494
15020,12.70994697246364
15021,10.874986144251684
15022,10.004590236737691
15023,11.13396211167749
15024,14.170953531227811
15025,9.805031053177755
15026,15.694591848229951
15027,6.437054422172615
15028,14.34812759964186
15029,6.230130052837764
15030,7.549349803379107
15031,7.393685081650227
15032,7.493202154439644
15033,8.093907072109763
15034,15.340279981222107
15035,11.457696356541526
15036,10.67539225448699
15037,9.221981519377238
15038,8.142151562933176
15039,14.139354766139691
15040,9.882281746102398
15041,9.453041522111205
15042,11.632486265467147
15043,9.388670835846451
15044,10.84909224239876
15045,11.152930531885097
15046,14.255710407888127
15047,8.806707715883443
15048,10.949926435139524
15049,7.493202154439644
15050,8.975028286005836
15051,10.28691573262894
15052,9.394429663767832
15053,9.779369260660875
15054,8.965501915280509
15055,6.135213873119755
15056,11.286303571550869
15057,10.930130666871012
15058,9.318226334171289
15059,12.250173431507012
15060,9.865700177155055
15061,11.851395736025314
15062,6.566761500120777
15063,6.135213873119755
15064,10.795456354203163
15065,10.503586322889381
15066,13.74782138527291
15067,8.736785817175898
15068,9.863024794689771
15069,11.146145470505598
15070,13.255878479081396
15071,10.132239742119335
15072,4.6718501656793405
15073,16.56143419430413
15074,10.291767076717855
15075,6.576426105780441
15076,10.016418021696843
15077,10.656778709512952
15078,13.46352566734955
15079,12.727541078049786
15080,5.675610883007322
15081,9.39279755551517
15082,12.176971943908681
15083,7.493202154439644
15084,7.651739099858087
15085,7.493202154439644
15086,11.699805736027173
15087,10.629349606804647
15088,12.492256879452528
15089,15.852792186906136
15090,13.443596216488764
15091,8.258065767357321
15092,6.230130052837764
15093,8.248465326040217
15094,13.66571018983597
15095,8.495621978866957
15096,11.167251788714141
15097,16.916867381698655
15098,7.493202154439644
15099,15.03807027934974
15100,15.918855400670822
15101,9.12145875478471
15102,12.902435598164116
15103,14.684656568919115
15104,8.038894254201967
15105,7.0818058251435625
15106,7.493202154439644
15107,8.248465326040217
15108,14.240370610086465
15109,15.275646277880638
15110,4.893708347018955
15111,9.914913834269141
15112,13.8731592654573
15113,11.77034094676068
15114,14.346339637432617
15115,12.545923390495668
15116,9.56826806627729
15117,9.185879515636627
15118,7.0761946095254675
15119,10.353337575568776
15120,6.899824397547857
15121,8.6032246703794
15122,4.64408021752535
15123,10.929399812960746
15124,4.397422146038377
15125,7.080357482217937
15126,7.863406737892004
15127,12.36298243160005
15128,9.517939975754919
15129,11.42842326854911
15130,8.022354011587494
15131,9.818209174446828
15132,9.680781141090725
15133,10.60768545776946
15134,9.2173907419364
15135,10.924835952442281
15136,10.144046048484954
15137,12.147527789129574
15138,12.19338928720856
15139,8.028669651977085
15140,7.651739099858087
15141,6.121056098131074
15142,10.463418395489557
15143,11.86916327842574
15144,5.936329899542595
15145,10.755090687910656
15146,13.0229718269395
15147,8.88167563227469
15148,11.950964143667703
15149,6.9047995308572405
15150,6.230130052837764
15151,11.448814180514294
15152,12.63528626523851
15153,10.640200129315915
15154,6.886833210551065
15155,11.073290284758379
15156,14.838640902365217
15157,13.695590936139872
15158,11.28224999778694
15159,9.31680307920698
15160,11.991494757149571
15161,8.866339596542257
15162,15.432356061769736
15163,9.193989371272176
15164,13.926283907959414
15165,8.82741320613217
15166,11.336654916907499
15167,6.589417292777233
15168,8.795882693029842
15169,10.390468222877555
15170,7.416027344088257
15171,7.628012813520728
15172,7.7940956819346505
15173,11.09210849387847
15174,16.06432401231251
15175,11.70826231955504
15176,8.930787289424888
15177,9.65251462894946
15178,9.146974952262331
15179,9.689542320943282
15180,10.228797123952761
15181,10.151806085031383
15182,7.181322897932981
15183,11.810316120020335
15184,8.137813907290647
15185,12.077710172290502
15186,9.928672706803003
15187,8.208063934493216
15188,12.415127653406657
15189,12.442491593970392
15190,10.257362144483004
15191,7.3086269733371205
15192,6.760971642034328
15193,6.3751117893254525
15194,6.393230398539988
15195,12.850802749265148
15196,5.028364658270004
15197,12.379424986491408
15198,7.570055293627837
15199,8.248003900675604
15200,7.2581760371211725
15201,8.85780554058793
15202,6.86871460133653
15203,11.153204129745276
15204,11.767021922262632
15205,10.316456941413131
15206,11.116780727583604
15207,10.309291605193362
15208,9.0126937995969
15209,11.50568868522756
15210,4.456534151850888
15211,12.516196597064626
15212,11.068722801869775
15213,8.688282778692507
15214,12.705569133613421
15215,12.103600623572085
15216,7.549349803379107
15217,5.360766467024166
15218,9.362670887258457
15219,8.277106357114738
15220,8.853330400992753
15221,11.203220154555671
15222,10.767572012463003
15223,11.21412319250789
15224,6.760971642034328
15225,14.036540931657381
15226,7.495219471115892
15227,7.3342307583341535
15228,8.559433951817605
15229,7.331195133396318
15230,8.510686977394112
15231,11.41849969814914
15232,10.275480076211652
15233,10.451608149658696
15234,9.85670741620362
15235,12.331037479096166
15236,12.199495418325697
15237,7.570055293627837
15238,13.699207414591283
15239,13.8731592654573
15240,8.985318378656121
15241,10.581545739625424
15242,10.552523593623484
15243,7.181322897932981
15244,12.858477339055412
15245,9.960913326379012
15246,11.066812636228232
15247,16.32773516841745
15248,8.935716848389205
15249,9.99734773472633
15250,7.570055293627837
15251,11.524405728638035
15252,12.313777594936866
15253,13.4076233058344
15254,7.493202154439644
15255,9.240679797776703
15256,6.899824397547857
15257,11.141915986375762
15258,10.824284195993057
15259,10.300889372248811
15260,6.983756529833664
15261,15.072008549593441
15262,14.439622343668123
15263,9.25836183056822
15264,13.083100342213202
15265,10.677824195687762
15266,9.815055548074206
15267,9.930548507424145
15268,18.75512638878154
15269,10.704582440454834
15270,7.472062213503866
15271,9.666756030008687
15272,14.799780775065033
15273,11.011694589303852
15274,7.738060812519041
15275,10.858956859598537
15276,8.676189119199094
15277,14.074845618562238
15278,10.115197164238488
15279,11.171315084087018
15280,12.767997805165445
15281,11.663927947983264
15282,4.456534151850888
15283,9.02996280995905
15284,11.204604808214787
15285,10.525192260866548
15286,11.889147283617048
15287,12.634410789239707
15288,9.17259180235736
15289,9.055140281764727
15290,10.398938930980773
15291,12.75699934764942
15292,7.493202154439644
15293,7.493202154439644
15294,9.65281632640793
15295,6.747980455037537
15296,13.826685059914585
15297,10.05837239512526
15298,6.32444312615972
15299,8.237360277108593
15300,4.542563581416717
15301,6.230130052837764
15302,9.055140281764727
15303,9.235556771645543
15304,9.216684209441691
15305,7.390378407273616
15306,11.004265259789229
15307,10.558558934210444
15308,12.420312949494837
15309,7.863406737892004
15310,5.661453108018641
15311,9.468789686720791
15312,8.815677417094356
15313,5.6373020645426815
15314,10.711838713291337
15315,10.384817092314208
15316,7.570055293627837
15317,9.413105362172054
15318,9.789587835217265
15319,10.286254291106351
15320,10.46043072911158
15321,11.805642987533423
15322,11.641104118967313
15323,6.945546823136854
15324,10.425372883020936
15325,6.7298618458230015
15326,11.900804592860823
15327,8.180017794430807
15328,11.317302796713125
15329,9.555994857119805
15330,6.576426105780441
15331,9.137622889949466
15332,10.787711151500579
15333,10.3351045875359
15334,7.495219471115892
15335,9.990980391925698
15336,10.75626239197454
15337,11.67244484290982
15338,10.31233682728652
15339,8.595334832611686
15340,11.813348050605036
15341,12.802628484183229
15342,13.345058555100415
15343,10.472317959111514
15344,12.103456218103233
15345,15.416648158537544
15346,8.38678468448048
15347,11.29008012941557
15348,6.597871296332104
15349,7.549349803379107
15350,7.570055293627837
15351,11.800987692857825
15352,7.570055293627837
15353,5.528927388697476
15354,10.841541572629804
15355,8.485852474573813
15356,10.335210972957164
15357,4.397422146038377
15358,12.14911117944045
15359,12.032869110872966
15360,7.493202154439644
15361,17.167139971001593
15362,10.556590873277182
15363,8.66011814152704
15364,11.101631329789479
15365,11.93907764244218
15366,9.618272726727524
15367,8.82741320613217
15368,11.401681520632412
15369,9.710077667544311
15370,12.581094334416827
15371,11.255170189419333
15372,7.493202154439644
15373,7.842701247643274
15374,10.690386295067164
15375,13.627620446648475
15376,15.597908522429373
15377,16.1244318673611
15378,11.772297607113707
15379,8.35873854441807
15380,11.173316263203315
15381,10.587703900646677
15382,10.13377628428126
15383,7.570055293627837
15384,12.547293920435308
15385,5.661453108018641
15386,7.570055293627837
15387,6.367182907008253
15388,10.282308821192238
15389,12.062463006751868
15390,10.386070706158621
15391,14.607276611913955
15392,9.014504736353238
15393,6.812202180576569
15394,13.68375673958779
15395,5.661453108018641
15396,9.544475174811616
15397,6.395932889655028
15398,10.603712037949341
15399,7.493202154439644
15400,13.053536977422294
15401,11.28860212717663
15402,10.33897819374215
15403,10.49714944786787
15404,10.242082542826552
15405,9.487656738976057
15406,9.574097596525531
15407,7.493202154439644
15408,9.260478269407775
15409,11.69106896247451
15410,12.646021463272103
15411,7.651739099858087
15412,9.148266983875029
15413,6.3049510842330125
15414,9.219974667219708
15415,11.093378098995876
15416,8.826408662836577
15417,11.407060462513993
15418,8.022354011587494
15419,12.406497090255614
15420,6.558307496565906
15421,10.604711678255054
15422,10.891175618874389
15423,13.746532801891487
15424,11.408005640061937
15425,10.569598498540557
15426,11.379359870391756
15427,17.764894387654262
15428,11.383520868565794
15429,8.887653086806349
15430,11.055596966207698
15431,15.381934248802638
15432,11.193981577578938
15433,10.342567635996735
15434,10.616394715454966
15435,8.292388353060828
15436,10.196846122491642
15437,8.206984472276194
15438,9.665894657440402
15439,9.58399086181676
15440,11.558168955128716
15441,9.054883106620059
15442,13.499148416224665
15443,11.232670143270889
15444,11.203927236186974
15445,8.444810798763934
15446,7.549349803379107
15447,9.575160721934182
15448,11.555658576433922
15449,10.608680417317673
15450,12.670544170869587
15451,9.225499383072167
15452,4.836869745409947
15453,6.32444312615972
15454,11.347124395155461
15455,6.760971642034328
15456,11.416050143865059
15457,4.426733001318558
15458,12.360793218302641
15459,11.319668674882367
15460,13.266087302387852
15461,10.4316776372018
15462,12.457240450341876
15463,7.025152986420734
15464,8.083968117298046
15465,14.329246135814914
15466,10.250363911174558
15467,10.461826141157015
15468,10.573756777489299
15469,10.829889181305326
15470,9.207088714740769
15471,10.285013988910018
15472,11.800987692857825
15473,7.681447747240075
15474,10.043573190241162
15475,8.33240316077798
15476,10.823084538807928
15477,13.448219965540591
15478,7.493202154439644
15479,8.688282778692507
15480,12.840470742425559
15481,17.987465292948464
15482,21.900216216195847
15483,9.991369145502174
15484,8.183229944845376
15485,9.125453469074783
15486,10.512938324233145
15487,8.825398239707132
15488,12.818531356210437
15489,9.597030169501561
15490,9.610658694386611
15491,8.94440563802226
15492,17.48662006593834
15493,5.072719539749318
15494,8.784112518226813
15495,8.4206301183729
15496,11.965873626386067
15497,8.852459322701153
15498,9.98329824676904
15499,11.305262412605991
15500,10.281523683072264
15501,9.325531763781244
15502,10.817552825236278
15503,10.743496885656821
15504,8.066940394264376
15505,10.46016244859372
15506,10.596836179664205
15507,10.343998911859172
15508,5.6373020645426815
15509,9.938569193222683
15510,11.363065284582492
15511,10.861477774616928
15512,9.419600638180782
15513,8.894385736604667
15514,9.858760936911553
15515,10.053365444438164
15516,13.935655061505674
15517,11.789648478614886
15518,10.450269179162158
15519,11.172797796640813
15520,13.85416723325302
15521,9.170329083647276
15522,13.050532993121266
15523,9.19544115269413
15524,5.284696417785164
15525,13.998028121855858
15526,10.659653811330024
15527,10.07352402870145
15528,12.45897016718181
15529,8.248465326040217
15530,5.528927388697476
15531,11.584058305020754
15532,7.651739099858087
15533,10.34064426317373
15534,10.800203714342084
15535,10.94917389683794
15536,9.169824839406822
15537,9.998140444732071
15538,8.078388881003102
15539,9.871723042063573
15540,6.577914317250734
15541,8.92494367275644
15542,10.617614436824532
15543,15.700645780667648
15544,6.899824397547857
15545,9.611277980306777
15546,13.293562385429894
15547,7.973772568288871
15548,8.87668714038617
15549,10.64985348792059
15550,5.661453108018641
15551,8.901951828729542
15552,9.575633987370233
15553,7.495219471115892
15554,11.659645649197893
15555,14.611108677453043
15556,7.493202154439644
15557,8.144159142827524
15558,10.754975468636859
15559,7.150213101721654
15560,12.67156045912325
15561,9.083186421827136
15562,11.256946701459064
15563,11.284605972556703
15564,7.181322897932981
15565,10.828797829294153
15566,9.592715778248365
15567,10.390468222877555
15568,10.867861632369397
15569,11.002684780916441
15570,13.948889777609148
15571,9.853279237458334
15572,7.832723022398653
15573,8.33240316077798
15574,7.181322897932981
15575,7.570055293627837
15576,6.9967477168304555
15577,11.11520816362482
15578,10.35039817593307
15579,11.098268766057181
15580,12.177865133559493
15581,10.511166413096563
15582,10.514179419816557
15583,10.504296991232657
15584,7.991158054746549
15585,5.675610883007322
15586,8.518776753402298
15587,8.297058285152476
15588,11.052692568407236
15589,9.85737084457666
15590,11.277059553313675
15591,14.389294399895707
15592,8.870707610193936
15593,16.00595408408262
15594,10.401683006566534
15595,7.2581760371211725
15596,9.961838656607485
15597,7.570055293627837
15598,13.808616383302526
15599,9.284454355840253
15600,7.549349803379107
15601,13.326911343339793
15602,10.876022931156625
15603,7.134152129418359
15604,10.15352369558958
15605,10.917900439504162
15606,5.6373020645426815
15607,10.72098105239122
15608,6.9967477168304555
15609,7.628012813520728
15610,5.191726753927928
15611,9.925032166933562
15612,12.892629782369552
15613,11.50907892907092
15614,9.403506051007914
15615,10.142882800103955
15616,9.924106808276667
15617,9.646730770924819
15618,10.624595936329628
15619,12.373934166199547
15620,10.077852897950978
15621,13.078072223592317
15622,12.328384391392209
15623,8.676189119199094
15624,12.434406312996888
15625,12.768225750624318
15626,11.088848354527059
15627,5.553078432173436
15628,11.75628619674368
15629,14.444743304785728
15630,7.953067078040141
15631,11.883944398438704
15632,10.35455436978301
15633,7.493202154439644
15634,8.748129596112461
15635,9.138593911371622
15636,11.463256639937526
15637,11.124173873442492
15638,11.180612345189564
15639,11.14979926824019
15640,11.878849496989183
15641,9.666230851874175
15642,7.393685081650227
15643,7.393685081650227
15644,10.258181218069266
15645,7.627694982122174
15646,5.563357846375804
15647,16.152308000065535
15648,10.233704980788248
15649,14.49237064553097
15650,12.61867572115421
15651,9.468715387134656
15652,7.393685081650227
15653,8.022354011587494
15654,10.44458138990302
15655,6.268925991634409
15656,7.0818058251435625
15657,9.738353801405813
15658,11.257895311867115
15659,9.789587835217265
15660,7.393685081650227
15661,11.34815841263706
15662,10.189557187191447
15663,9.528318758554855
15664,12.026329736945325
15665,11.646588599047345
15666,10.229654913505543
15667,10.870791789185105
15668,5.508723550694121
15669,11.244317459641467
15670,7.493202154439644
15671,11.756665577395541
15672,8.23635348364522
15673,7.390378407273616
15674,6.490849069373037
15675,11.396153087579473
15676,12.135496322576817
15677,7.0818058251435625
15678,11.074109348490657
15679,11.387479009890306
15680,9.99306973790858
15681,8.984360728740368
15682,9.880532417847313
15683,10.296574072308502
15684,10.529537593223257
15685,11.665694534668372
15686,10.892501165551073
15687,8.520849254419298
15688,9.042009522354613
15689,5.661453108018641
15690,6.9967477168304555
15691,10.705183175731795
15692,7.493202154439644
15693,10.456704366574158
15694,10.164258218612474
15695,10.690685972112252
15696,6.22742863065587
15697,13.510303466953978
15698,15.08831483706016
15699,11.434554506247439
15700,11.166037764207799
15701,6.899824397547857
15702,8.376403522185841
15703,6.135213873119755
15704,14.558682433950022
15705,7.493202154439644
15706,8.864785563864082
15707,10.579923517644852
15708,10.89641260072194
15709,7.493202154439644
15710,10.442829107915943
15711,9.300870673981736
15712,10.847516721917886
15713,6.7836564930234236
15714,14.691784760994322
15715,6.66780241213276
15716,14.691784760994322
15717,9.651946424999691
15718,9.669720638326393
15719,11.301643563033037
15720,9.259622039580702
15721,6.530880569918689
15722,12.664161207236118
15723,11.005438489022769
15724,7.493202154439644
15725,7.0818058251435625
15726,12.898137202577647
15727,8.206984472276194
15728,8.35873854441807
15729,12.110069541156536
15730,11.106118660036607
15731,8.35873854441807
15732,11.001427487892947
15733,6.428906436525875
15734,8.787799851481926
15735,14.175260280358549
15736,13.405296670576172
15737,14.085978401738965
15738,5.617098226539326
15739,11.669797394859504
15740,10.03132018689247
15741,8.676189119199094
15742,11.611361614242695
15743,11.30940462417201
15744,10.86742678085919
15745,13.259621100491513
15746,10.032782894295698
15747,7.628012813520728
15748,10.673248222055655
15749,11.541073679236758
15750,10.188356827127386
15751,14.521758014440781
15752,9.533535108405196
15753,13.237704370463822
15754,11.780527240662728
15755,10.439695151290858
15756,6.965637920619129
15757,8.523478910690262
15758,13.048345460401523
15759,14.705020424344305
15760,9.9743107808151
15761,7.929152877306429
15762,8.691116224118717
15763,4.397422146038377
15764,8.901951828729542
15765,11.710136511218089
15766,11.439562355527512
15767,4.397422146038377
15768,13.965258943121817
15769,12.058249001011218
15770,13.876495991908337
15771,10.44408257558509
15772,10.961869472843226
15773,11.359938612986431
15774,9.245747996105884
15775,12.847919983167435
15776,8.655483628950366
15777,11.258967041435286
15778,14.757936508172286
15779,10.062462857700265
15780,14.281427899426271
15781,13.83271691791496
15782,10.126825734388175
15783,10.016418021696843
15784,7.863406737892004
15785,13.122064379488982
15786,10.873798270182387
15787,6.395932889655028
15788,11.450118509379898
15789,15.194711532270706
15790,7.393685081650227
15791,6.230130052837764
15792,8.066940394264376
15793,6.899824397547857
15794,11.859984788391975
15795,9.148690444231752
15796,11.753494976442056
15797,8.359369838623367
15798,12.716761409864093
15799,9.430977960187839
15800,9.789587835217265
15801,8.33240316077798
15802,11.4919440021182
15803,10.36673256142886
15804,8.825398239707132
15805,12.585906159020716
15806,10.132748688353995
15807,10.869724461518567
15808,12.286829948953626
15809,10.84815576086202
15810,10.20503711174752
15811,9.696659320925763
15812,9.328834560369172
15813,10.503894163036806
15814,9.574230290616248
15815,9.335573643938636
15816,10.338559879430266
15817,9.603880792409857
15818,10.7332254282568
15819,11.296331614940776
15820,12.272478584498204
15821,12.130344476052889
15822,6.999341470337276
15823,11.173316263203315
15824,9.958876638610587
15825,8.688282778692507
15826,10.680824478210424
15827,7.393685081650227
15828,18.382400832782437
15829,11.13599752976052
15830,11.509044086403305
15831,6.135213873119755
15832,10.913629679709272
15833,7.627694982122174
15834,5.380970305027521
15835,11.135268156722049
15836,10.29572380520153
15837,10.392199444583493
15838,11.01758550945525
15839,9.289235342741614
15840,10.782091468261324
15841,10.352841655475707
15842,9.072015573535463
15843,11.262932007296476
15844,6.52321950984783
15845,11.00349683170416
15846,6.121056098131074
15847,8.66011814152704
15848,9.367257927652902
15849,14.620756429751049
15850,13.223704892999011
15851,11.029563126827343
15852,10.740101260456802
15853,12.733923421234502
15854,15.792220752990213
15855,10.14119278337248
15856,16.41269048518632
15857,11.09437035975587
15858,15.06408353404095
15859,10.487396019237845
15860,14.662724985569966
15861,7.549349803379107
15862,6.096905054655115
15863,15.472969889568429
15864,10.851739525586913
15865,4.427223296570706
15866,9.712645747597668
15867,7.576903277346142
15868,6.9967477168304555
15869,13.017900997964187
15870,12.08299320930225
15871,6.794083571362034
15872,10.26021533729471
15873,7.181322897932981
15874,8.787799851481926
15875,10.379339480033467
15876,10.64844576623306
15877,10.244482876395958
15878,13.864763634707385
15879,9.204734015882128
15880,10.935847976051468
15881,6.597871296332104
15882,11.34873604308839
15883,12.334721135486372
15884,5.389016327842855
15885,9.663499848281822
15886,7.953067078040141
15887,14.442002296832785
15888,11.157444965107604
15889,14.271651769003007
15890,6.589417292777233
15891,14.59153740379869
15892,8.94440563802226
15893,11.356855777279304
15894,12.530370980058931
15895,9.182836832859445
15896,10.61979724657395
15897,14.226604882049557
15898,11.617254566467906
15899,4.893708347018955
15900,6.612102143766328
15901,8.808256537896675
15902,10.360661079782622
15903,7.520383683267788
15904,9.741550303246235
15905,4.397422146038377
15906,7.549349803379107
15907,6.135213873119755
15908,11.52360451430978
15909,5.661453108018641
15910,11.739600954093024
15911,6.4263169470750094
15912,16.199486000624432
15913,12.59588289970952
15914,10.495990093745906
15915,9.150914469194564
15916,13.326911343339793
15917,9.1140752273669
15918,10.777914431371979
15919,9.753039544200634
15920,9.91536130444824
15921,10.628086767669815
15922,10.360536111832063
15923,13.393834985584332
15924,6.630220752980863
15925,11.627802600324884
15926,7.493202154439644
15927,9.168535444195609
15928,8.655483628950366
15929,13.156674638826358
15930,10.531461121407133
15931,8.23635348364522
15932,11.105980217952219
15933,13.636307791873802
15934,9.910709137935138
15935,12.094016208955445
15936,11.240096950274463
15937,10.209689533896006
15938,15.653781351951768
15939,12.35942913871117
15940,12.701719824949002
15941,10.044850426321505
15942,11.065018749708136
15943,12.290183041075665
15944,4.397422146038377
15945,9.321275861907393
15946,14.642588913386925
15947,8.33240316077798
15948,10.595673520271694
15949,11.252475552330862
15950,10.406681363006093
15951,11.561771301461908
15952,10.595390012296466
15953,10.919340851868952
15954,6.672830496968743
15955,10.55659669331074
15956,8.903653818231557
15957,13.18300089997872
15958,7.462092358228317
15959,9.176687875819718
15960,11.052275964564103
15961,11.660375538783619
15962,7.754300571709512
15963,8.853330400992753
15964,10.150715938728686
15965,5.661453108018641
15966,7.493202154439644
15967,6.32444312615972
15968,9.331060629199994
15969,14.254356986599115
15970,9.429559351640213
15971,7.709900565653008
15972,13.943424882017661
15973,9.58185083281758
15974,6.999341470337276
15975,12.298512091854938
15976,8.961649743138597
15977,9.323596824580044
15978,9.489084671725594
15979,11.634320128107753
15980,10.314873396754242
15981,7.493202154439644
15982,11.383602031317873
15983,9.682447533952972
15984,7.570055293627837
15985,16.619752624291667
15986,9.974639104847208
15987,10.733073629534173
15988,6.230130052837764
15989,7.134152129418359
15990,10.05837239512526
15991,13.629077036563102
15992,11.647483802116813
15993,4.893708347018955
15994,9.112824238334158
15995,10.522916265945382
15996,5.592947183063367
15997,11.479143156865314
15998,10.278409507255137
15999,5.1500401065341155
16000,8.949380078125515
16001,9.136516698056589
16002,10.09156212670625
16003,8.089207350056434
16004,12.522057863150593
16005,14.070121101721382
16006,10.057414055232375
16007,10.60627865417548
16008,8.078388881003102
16009,6.566761500120777
16010,14.43215409174963
16011,10.305158239399523
16012,9.792411084466591
16013,11.102430287671108
16014,10.7380236266123
16015,4.513252726136535
16016,11.365785641085722
16017,12.081352171254299
16018,11.637434706604182
16019,6.630220752980863
16020,10.693285808634272
16021,10.060773016982802
16022,12.584765223510972
16023,11.04190320019392
16024,10.035115462698306
16025,10.680284886745353
16026,8.956422338637934
16027,11.683778413373405
16028,14.042445092164908
16029,8.33240316077798
16030,5.6373020645426815
16031,13.690245610225709
16032,8.80829790356168
16033,6.899824397547857
16034,9.905749855808837
16035,6.7836564930234236
16036,11.311321079131694
16037,12.002275749147074
16038,11.722981488253486
16039,10.033575215752647
16040,9.390271415885051
16041,5.25317852686688
16042,9.254073215332477
16043,15.13187757722656
16044,6.760971642034328
16045,5.661453108018641
16046,10.19439227012201
16047,9.185879515636627
16048,8.909097012362421
16049,10.300601640282721
16050,10.790037974039508
16051,8.885370726025062
16052,8.47592059497526
16053,9.501500786547947
16054,10.079077885373989
16055,9.144001781591236
16056,8.787799851481926
16057,6.86871460133653
16058,9.323596824580044
16059,8.031730088181762
16060,9.45416389755049
16061,10.79051203482638
16062,11.79671349098276
16063,9.005715767339927
16064,10.58009296200867
16065,9.563444694678553
16066,9.205977434369233
16067,7.549349803379107
16068,9.966304061939283
16069,12.509334517036091
16070,11.164973287009655
16071,9.968823023490677
16072,9.983028208241228
16073,9.055140281764727
16074,7.549349803379107
16075,8.866339596542257
16076,10.972890814297578
16077,12.21075625864916
16078,13.269945015917004
16079,8.38678468448048
16080,8.248003900675604
16081,12.250711656836392
16082,10.152133612182212
16083,9.843359256994232
16084,9.850329597693083
16085,14.336050250312848
16086,5.770527062725331
16087,14.314815334070012
16088,13.49358797078256
16089,11.658101808325094
16090,11.513349700773164
16091,14.679569243041438
16092,16.53964722991974
16093,7.439071822176429
16094,10.531906604896095
16095,12.19338928720856
16096,14.413362437445715
16097,6.558307496565906
16098,11.173316263203315
16099,10.660988064876422
16100,9.864209170269724
16101,11.813097961678709
16102,11.318754694463477
16103,12.300246599151919
16104,10.837424817760818
16105,11.771696799631918
16106,9.46723569443527
16107,6.096905054655115
16108,9.822026481231843
16109,8.756066378164403
16110,10.00938582890687
16111,10.60991888948018
16112,10.350391605826086
16113,12.296455511103673
16114,9.834256566167598
16115,7.43166726530682
16116,14.981136105864179
16117,13.939889442388175
16118,8.066940394264376
16119,4.542563581416717
16120,13.969830558993088
16121,6.576426105780441
16122,10.411043340071291
16123,11.258976511253238
16124,7.651739099858087
16125,10.800513972809348
16126,9.97542298930531
16127,8.718569849091406
16128,11.410983190293283
16129,10.840581388696828
16130,17.464767374268284
16131,8.787799851481926
16132,10.655726731347695
16133,13.001214560612116
16134,10.998416422448159
16135,12.983985641901693
16136,10.478139386361612
16137,10.043573190241162
16138,12.552197937007325
16139,9.530890350585365
16140,10.314873396754242
16141,6.7298618458230015
16142,9.399484896374638
16143,9.190033767732613
16144,9.678240815362816
16145,13.473771793110187
16146,8.286288825240629
16147,11.407965286466922
16148,11.49715583218587
16149,13.472183809237249
16150,9.915063236645901
16151,10.910646646744942
16152,15.723642372841558
16153,9.700541095406829
16154,10.301560296050097
16155,6.899824397547857
16156,11.628280493192294
16157,7.181322897932981
16158,12.088403792647448
16159,11.995247663894027
16160,9.813604328405043
16161,9.555270204882202
16162,12.176875959569106
16163,6.7836564930234236
16164,12.496911125893368
16165,10.21614376809907
16166,7.181322897932981
16167,9.514012559366993
16168,11.631097638223503
16169,10.05837239512526
16170,10.201278123372635
16171,11.275882738705477
16172,11.79238584555684
16173,15.937891289196468
16174,11.22117253146709
16175,8.258065767357321
16176,11.011457858304567
16177,9.174996170786427
16178,4.893708347018955
16179,12.296455511103673
16180,10.65396896023734
16181,11.14688486846446
16182,9.0126937995969
16183,7.628012813520728
16184,10.843801558082292
16185,7.3086269733371205
16186,9.563285371568032
16187,10.280400963608084
16188,12.448902815969012
16189,10.237754999161716
16190,13.838356539937166
16191,10.428514646617081
16192,10.498581937048248
16193,6.899824397547857
16194,10.468089572822082
16195,9.20166451968781
16196,6.630220752980863
16197,10.975895246498151
16198,6.965637920619129
16199,8.33240316077798
16200,8.901951828729542
16201,10.6193839841893
16202,7.630535544860914
16203,11.189892642956321
16204,5.405121348503481
16205,7.953067078040141
16206,6.760971642034328
16207,8.81527716484946
16208,7.842701247643274
16209,8.91431051783887
16210,10.524599653285534
16211,9.176678973141758
16212,12.03448040714564
16213,11.232446332026832
16214,12.351262903118808
16215,6.899824397547857
16216,10.768500027652012
16217,5.7032487498034055
16218,10.08998092643568
16219,8.696395818168513
16220,10.027113065015033
16221,7.2581760371211725
16222,10.678711607427646
16223,11.152098255158785
16224,9.890562652832932
16225,6.485820984537054
16226,12.467532685967026
16227,7.393685081650227
16228,6.597871296332104
16229,12.507872976511486
16230,9.81033223025928
16231,9.613662188307103
16232,5.661453108018641
16233,10.640615926482393
16234,8.213598968440753
16235,12.277613151062148
16236,12.976108996219509
16237,14.30866524857176
16238,7.3625752854389
16239,7.965390982143865
16240,10.014409972449577
16241,4.542563581416717
16242,6.7298618458230015
16243,10.35890760449667
16244,12.42749244147529
16245,11.00398202402532
16246,10.448263716572255
16247,11.03891746783664
16248,7.973772568288871
16249,7.7940956819346505
16250,11.283818729348637
16251,11.752159570738728
16252,10.75026058605495
16253,9.083186421827136
16254,10.578352979407105
16255,9.259622039580702
16256,9.335026867370674
16257,10.550703856558693
16258,11.052613282984659
16259,6.889793573757401
16260,7.493202154439644
16261,9.370581544520912
16262,8.672657254200395
16263,10.855185768385768
16264,6.342138242454606
16265,10.778561474695325
16266,16.428631332309315
16267,11.043690611620036
16268,9.407574145358053
16269,14.18512072431766
16270,8.939109169454179
16271,10.868190254607784
16272,12.959160550640455
16273,9.190673066808317
16274,8.885370726025062
16275,8.123913198295627
16276,8.451089672939876
16277,6.899824397547857
16278,9.62686649217654
16279,11.429718590105798
16280,10.894175343947602
16281,11.557132156851933
16282,10.94448402790762
16283,8.982355233387326
16284,11.909542283341695
16285,9.378692856035855
16286,7.285023760802737
16287,10.845416228478747
16288,6.760971642034328
16289,12.181305046577393
16290,9.43388982860949
16291,9.46723569443527
16292,10.362199570377106
16293,17.346404578852678
16294,12.06097590385949
16295,10.573756777489299
16296,12.946806868654372
16297,10.933759751586345
16298,9.884008533563247
16299,12.323258837312835
16300,8.87668714038617
16301,7.570055293627837
16302,5.405121348503481
16303,9.915687278448114
16304,9.026674922738534
16305,9.101765444472688
16306,11.462911677648963
16307,9.777066508449584
16308,8.022354011587494
16309,6.135213873119755
16310,11.459001951759939
16311,8.676189119199094
16312,9.9693216846157
16313,7.0818058251435625
16314,7.570055293627837
16315,10.757890641259747
16316,14.891146819457306
16317,13.189697595512435
16318,7.493202154439644
16319,6.722818103261535
16320,10.588804810037772
16321,12.714364033236375
16322,17.20809655072596
16323,11.403053391691703
16324,10.108670190668724
16325,9.146974952262331
16326,8.35873854441807
16327,14.760545153617008
16328,8.935716848389205
16329,9.649308318475766
16330,14.266145728284217
16331,11.210653193355762
16332,10.880843774014956
16333,7.334343537858007
16334,9.606027558121673
16335,10.071372984993298
16336,4.426733001318558
16337,6.86871460133653
16338,7.1059628278687015
16339,10.1975209966942
16340,5.75636928773665
16341,4.862190456100671
16342,10.219578222486682
16343,10.486373014711775
16344,7.549349803379107
16345,4.397422146038377
16346,10.300453656782908
16347,9.092721063784191
16348,10.764362028596132
16349,11.558587635338226
16350,12.348307176641084
16351,7.393685081650227
16352,9.113255984022748
16353,10.421895462086104
16354,11.054778395904027
16355,8.523478910690262
16356,10.121645288030676
16357,10.988878409612163
16358,6.812202180576569
16359,14.595233242853826
16360,6.8147662892347505
16361,9.913872240889832
16362,8.206984472276194
16363,11.089616378773874
16364,15.842348089992036
16365,11.47956980394906
16366,10.770202366567002
16367,5.6373020645426815
16368,8.977426218187924
16369,5.553078432173436
16370,10.99363029854994
16371,10.11594112104295
16372,13.257620160670331
16373,7.393685081650227
16374,9.063609292480539
16375,13.123540218506793
16376,11.497844464476117
16377,10.29572380520153
16378,16.37951598334219
16379,6.135213873119755
16380,10.984154124222675
16381,10.374559714522329
16382,8.180017794430807
16383,8.713222083330452
16384,13.533064503214863
16385,10.362179318106357
16386,10.974809208959943
16387,11.244071740072872
16388,12.815277362176323
16389,5.1500401065341155
16390,8.853330400992753
16391,8.022354011587494
16392,11.388530238575493
16393,11.334445722381147
16394,7.181322897932981
16395,11.280480224217628
16396,7.570055293627837
16397,10.205309098605664
16398,8.38678468448048
16399,9.930040409466283
16400,10.115774749472248
16401,6.7298618458230015
16402,10.845519952659915
16403,9.264393790685572
16404,13.308820559722577
16405,8.47592059497526
16406,9.723688222923748
16407,5.8689424633372695
16408,13.043060186373992
16409,9.207088714740769
16410,7.570055293627837
16411,11.824789319124866
16412,13.450839637181025
16413,10.125722940519653
16414,7.628012813520728
16415,7.709696619750979
16416,9.063609292480539
16417,12.936645625763667
16418,9.897046458643743
16419,9.190673066808317
16420,6.968231674125949
16421,8.965781897217578
16422,11.36384639693153
16423,15.90098557888762
16424,12.39899973122639
16425,6.703019677027905
16426,4.397422146038377
16427,10.483206056790745
16428,9.742492521686417
16429,9.575160721934182
16430,10.345110346332442
16431,10.95498091576277
16432,12.194011174681433
16433,8.808768226698641
16434,11.922489002724923
16435,10.533384951550866
16436,10.653578824079988
16437,11.810316120020335
16438,7.0818058251435625
16439,9.989410856123884
16440,9.875868788142943
16441,10.483200933854375
16442,15.905740117736718
16443,10.997456278001193
16444,7.953067078040141
16445,10.241906091240208
16446,8.914219753142584
16447,9.715601704555107
16448,8.944867063386873
16449,15.660322809023729
16450,11.434148968359539
16451,10.613051993368112
16452,8.885370726025062
16453,8.237360277108593
16454,11.021376830672175
16455,7.3625752854389
16456,10.355855076844287
16457,14.50966255806372
16458,4.759420502371361
16459,9.958876638610587
16460,9.994350202001693
16461,11.343954558116998
16462,11.356764858180806
16463,8.35873854441807
16464,10.011901821687053
16465,12.05651512766635
16466,11.836590902491526
16467,12.546640583245198
16468,10.372975363031374
16469,9.667821430796302
16470,7.570055293627837
16471,4.542563581416717
16472,11.346024038761415
16473,9.765129288062088
16474,10.010533995760275
16475,12.71008661642253
16476,14.795892858466276
16477,6.230130052837764
16478,8.35873854441807
16479,13.127463703833767
16480,10.984123701725855
16481,11.855110978026499
16482,10.255714025309143
16483,7.570055293627837
16484,12.424831400480045
16485,15.637956274590533
16486,8.976346755970901
16487,10.49652147325392
16488,8.87668714038617
16489,11.075645161091167
16490,10.473277532132828
16491,8.82741320613217
16492,11.526119741162004
16493,10.829951176651797
16494,6.899824397547857
16495,11.431643776539618
16496,10.622388618090836
16497,7.3625752854389
16498,9.875868788142943
16499,6.413325760078218
16500,11.11266868328527
16501,14.296424004875293
16502,9.019584708341375
16503,10.34132794279012
16504,11.456482735698438
16505,10.06644787251903
16506,7.393685081650227
16507,7.134152129418359
16508,9.898729165626397
16509,11.916289897200746
16510,13.058426635252209
16511,11.264970578353388
16512,8.655483628950366
16513,5.6373020645426815
16514,10.25367353468221
16515,7.709696619750979
16516,9.975326920879928
16517,11.063205591834551
16518,10.580857020808134
16519,10.005262263066209
16520,8.496512232844875
16521,10.037815792164778
16522,12.205599096067335
16523,8.115362101731543
16524,9.423418187609656
16525,10.1044089825641
16526,11.583402624717664
16527,11.61567329791653
16528,11.027100949498989
16529,9.930040409466283
16530,10.792577511908819
16531,8.82741320613217
16532,12.38152969603464
16533,11.469503437973886
16534,9.556763944051651
16535,10.861522829433767
16536,12.401852370922468
16537,10.837332076967513
16538,7.393685081650227
16539,11.638541827852661
16540,7.393685081650227
16541,6.558307496565906
16542,8.180017794430807
16543,8.47450638205348
16544,13.954419810199976
16545,9.469164422140443
16546,5.661453108018641
16547,10.155801411757158
16548,9.054970957002302
16549,10.781851895532423
16550,12.481557475306326
16551,9.373969811752852
16552,10.313555381346703
16553,7.493202154439644
16554,7.493202154439644
16555,8.411461876193671
16556,4.426733001318558
16557,9.930818038165077
16558,10.617254232820473
16559,12.37469756734797
16560,9.647373087872166
16561,11.499479648155496
16562,7.945800422565087
16563,15.262210975062269
16564,15.847974967510671
16565,7.0818058251435625
16566,10.355855076844287
16567,12.2255155330693
16568,6.899824397547857
16569,7.493202154439644
16570,8.953437479538998
16571,8.910000705787409
16572,11.187166779207095
16573,10.418581122923745
16574,10.604046731686804
16575,13.432077946136648
16576,6.576426105780441
16577,9.9623227179925
16578,10.294337960069836
16579,11.348442157577594
16580,10.782552960124592
16581,17.57046328335552
16582,7.863406737892004
16583,10.46691515724192
16584,11.363623537609001
16585,10.791880666231089
16586,7.863406737892004
16587,10.536904268489652
16588,10.445421988059238
16589,13.95274589570137
16590,11.789423208383562
16591,6.801775102237959
16592,15.522518206758285
16593,8.453261991439385
16594,10.958522628530794
16595,12.307472265767286
16596,9.592715778248365
16597,11.034454514627898
16598,15.433791104628668
16599,8.894385736604667
16600,8.601353296687149
16601,15.027895359509232
16602,9.370581544520912
16603,9.106303249293086
16604,10.429328483581994
16605,7.570055293627837
16606,16.631654951142103
16607,9.847532786455728
16608,10.556590873277182
16609,11.050799189521841
16610,9.974824399487511
16611,7.150213101721654
16612,8.808256537896675
16613,10.124934305001148
16614,9.394429663767832
16615,6.303829423989965
16616,9.454050369895057
16617,12.118109553002574
16618,9.788220132553985
16619,9.603205277309053
16620,9.610658694386611
16621,10.619477568261575
16622,12.128783343033044
16623,11.636040624322897
16624,8.376403522185841
16625,5.661453108018641
16626,11.697565955804514
16627,14.881293599751134
16628,10.227782268372117
16629,7.549349803379107
16630,10.884814793533673
16631,4.542563581416717
16632,11.452312748772512
16633,12.472822864641179
16634,6.899824397547857
16635,10.22570133152083
16636,9.801444168663613
16637,10.463630459542783
16638,5.661453108018641
16639,8.892327061604734
16640,8.237360277108593
16641,11.231138105713587
16642,12.008126241892853
16643,10.763903802325277
16644,7.627694982122174
16645,9.604889480873007
16646,17.017168596662753
16647,10.385312793113929
16648,9.468789686720791
16649,8.852610520508922
16650,11.531238314264137
16651,10.477108909466612
16652,8.331486219159519
16653,11.029563126827343
16654,4.397422146038377
16655,15.375455164957376
16656,10.664205076436444
16657,7.570055293627837
16658,11.127325566055692
16659,10.713333978354097
16660,12.734730391898934
16661,10.02508641222468
16662,9.85228102495695
16663,12.344964003310059
16664,12.420134826525414
16665,10.796920799158787
16666,9.893189467076528
16667,12.793347725600771
16668,17.127088073543693
16669,8.022354011587494
16670,11.3487538755645
16671,13.013409614272977
16672,11.002684780916441
16673,11.483776118936653
16674,11.880113727721836
16675,14.41439858102638
16676,11.76060086703857
16677,10.363376119567558
16678,10.978108041900965
16679,7.493202154439644
16680,9.128732122318075
16681,14.307545441053488
16682,9.131035988053803
16683,10.197667012541485
16684,10.230824482330458
16685,12.121486211686747
16686,11.601467640613102
16687,8.348043081996543
16688,11.198115472496182
16689,11.379491000489732
16690,10.571400004117345
16691,9.947610075240506
16692,5.284696417785164
16693,9.967555686435217
16694,5.661453108018641
16695,12.348897347068524
16696,6.212011443623229
16697,16.691952252505583
16698,6.413325760078218
16699,11.751956626179352
16700,6.576426105780441
16701,11.709957500965736
16702,8.455035050607751
16703,10.283619301145977
16704,10.348010401172477
16705,14.595456858898897
16706,6.32444312615972
16707,14.39238522796574
16708,9.063790185200999
16709,10.198482279090548
16710,10.386070706158621
16711,11.010636398039127
16712,11.682138917089082
16713,8.258065767357321
16714,10.673353081626724
16715,7.788570915380059
16716,7.842701247643274
16717,10.037283173624983
16718,10.900108305091385
16719,10.264115718009204
16720,13.945821461944652
16721,13.091039609686037
16722,9.021650779195827
16723,7.651739099858087
16724,12.448902815969012
16725,10.10066583694275
16726,4.397422146038377
16727,10.977249425826772
16728,12.062615770218558
16729,10.709934704887853
16730,9.602067840561231
16731,10.96806012759959
16732,5.482441915288278
16733,6.096905054655115
16734,11.388853182117844
16735,9.789132922498977
16736,12.974359053913119
16737,9.29109475328944
16738,13.140283436162328
16739,14.874975610998709
16740,13.303233544574358
16741,10.4202570043313
16742,11.113937094218725
16743,9.122015746603026
16744,10.540773550229522
16745,7.3086269733371205
16746,10.149623940762758
16747,13.477990008034968
16748,10.947892329881158
16749,11.392311361622346
16750,10.698896864652365
16751,11.65224140194775
16752,10.763903802325277
16753,10.848134799157066
16754,6.7836564930234236
16755,13.140807312246334
16756,10.368691036617665
16757,14.230166268896754
16758,7.570055293627837
16759,10.72909027189346
16760,10.25926900073397
16761,8.759304894405412
16762,7.549349803379107
16763,9.072015573535463
16764,8.676957806409197
16765,4.8940768136224095
16766,8.619131959861488
16767,10.688474175687372
16768,7.493202154439644
16769,9.610967551218632
16770,10.431157170878299
16771,11.611536851022654
16772,6.612102143766328
16773,7.570055293627837
16774,10.763903802325277
16775,8.969534273438686
16776,11.05426292408581
16777,15.794938485025433
16778,7.493202154439644
16779,11.143459765232926
16780,7.570055293627837
16781,10.762291662232673
16782,6.096905054655115
16783,8.741738266252657
16784,6.7298618458230015
16785,9.765129288062088
16786,10.175184687830386
16787,7.493202154439644
16788,11.408713830226507
16789,8.258065767357321
16790,11.215568878710101
16791,9.86525973651808
16792,7.488261933299031
16793,13.659766748001635
16794,10.772483765500075
16795,10.080912288707983
16796,10.307516518207093
16797,12.526570271556743
16798,17.46139760496003
16799,12.057457704733833
16800,10.016682087559682
16801,9.026674922738534
16802,9.224823780736491
16803,10.213600175053006
16804,10.113053191668394
16805,9.489013388160345
16806,9.907247935327613
16807,8.258065767357321
16808,11.297324135984237
16809,11.340225245065932
16810,10.358705474741342
16811,12.395074039985488
16812,9.367257927652902
16813,11.917177649194905
16814,6.576426105780441
16815,6.899824397547857
16816,10.630929389379162
16817,10.05837239512526
16818,12.54593915402847
16819,5.041665430688909
16820,6.7298618458230015
16821,14.93289764740216
16822,7.863406737892004
16823,11.495729497580127
16824,10.071451421161143
16825,6.096905054655115
16826,7.0818058251435625
16827,9.469379987640258
16828,9.058664318401227
16829,13.746532801891487
16830,7.627694982122174
16831,11.538602473357061
16832,16.535265795116786
16833,11.833032564638755
16834,10.679135110595144
16835,9.815674048812294
16836,7.393685081650227
16837,9.939439754422002
16838,10.048206490897877
16839,8.675291591695714
16840,9.940461794136663
16841,10.689044562734496
16842,6.760971642034328
16843,7.570055293627837
16844,11.363989845135093
16845,11.638874801204786
16846,15.547034959899612
16847,7.863406737892004
16848,11.333671211931694
16849,9.611795294043096
16850,10.86335014912363
16851,6.8147662892347505
16852,9.528651462166062
16853,14.240370610086465
16854,5.528927388697476
16855,9.789587835217265
16856,10.456758727972847
16857,9.544478660782445
16858,11.324648456355597
16859,10.76195214102304
16860,13.695590936139872
16861,7.570055293627837
16862,14.018674987071735
16863,12.012884919015557
16864,10.786046863079164
16865,6.9967477168304555
16866,9.254527801615918
16867,15.590213873041304
16868,6.999341470337276
16869,11.317935042495106
16870,7.953067078040141
16871,10.914545433761171
16872,11.762792172389007
16873,6.7298618458230015
16874,6.446421939344356
16875,6.576426105780441
16876,9.388670835846451
16877,11.748170552959905
16878,11.284605972556703
16879,8.87668714038617
16880,10.628086767669815
16881,9.882281746102398
16882,13.831710895589731
16883,10.896162290551736
16884,10.546239753208429
16885,10.779087141359584
16886,6.612102143766328
16887,8.570457801378902
16888,11.992750415742078
16889,7.462092358228317
16890,13.183886661824214
16891,11.243512950197472
16892,14.12425734414994
16893,10.820796439321503
16894,10.642308189796482
16895,7.842701247643274
16896,10.074136146381512
16897,11.630963450408407
16898,11.352520487713962
16899,11.230918340025477
16900,9.150379940575881
16901,7.570055293627837
16902,13.222276473145815
16903,12.012560863585035
16904,12.61739301058514
16905,8.601353296687149
16906,10.678711607427646
16907,10.152396732264501
16908,12.353089392711794
16909,15.833366324109882
16910,10.221002784806705
16911,11.905556998966116
16912,11.34815841263706
16913,11.386256846485935
16914,12.277789537868511
16915,15.532446537690467
16916,8.853330400992753
16917,12.129140907482512
16918,6.135213873119755
16919,9.749752418483281
16920,6.585162142694992
16921,10.483330114019614
16922,10.903806846467115
16923,11.550499899022002
16924,8.213598968440753
16925,7.393685081650227
16926,16.696132960215092
16927,10.7707725125592
16928,10.308506701711469
16929,4.397422146038377
16930,9.570666910173145
16931,8.35873854441807
16932,12.961218462673777
16933,7.570055293627837
16934,10.096753668318614
16935,5.661453108018641
16936,8.864756780176531
16937,10.0843622000152
16938,10.36043906969351
16939,8.237360277108593
16940,8.078388881003102
16941,8.981483619601407
16942,9.665883912748876
16943,11.310667064118643
16944,7.651739099858087
16945,11.108571915323125
16946,12.036509216025602
16947,6.9967477168304555
16948,7.0818058251435625
16949,12.856853678526324
16950,7.0818058251435625
16951,5.254194522139656
16952,13.875360080804473
16953,9.174939758512297
16954,9.220949344490576
16955,6.437054422172615
16956,6.630220752980863
16957,9.530890350585365
16958,6.7298618458230015
16959,15.379956367216641
16960,8.580139442066333
16961,11.262943088833273
16962,10.795733827216175
16963,12.749603757702587
16964,9.477348168088023
16965,14.212454553171343
16966,7.493202154439644
16967,12.313777594936866
16968,11.844826990734427
16969,8.38678468448048
16970,11.285993077352858
16971,8.23635348364522
16972,9.841944168655818
16973,12.73061427171271
16974,11.309497486033688
16975,11.698071999270553
16976,9.258517510952109
16977,5.661453108018641
16978,7.5480901262989635
16979,11.57848423254087
16980,9.367257927652902
16981,10.775591277420876
16982,10.79639921926501
16983,9.249869279811225
16984,5.661453108018641
16985,9.93174785236659
16986,11.126916148827604
16987,5.503276514831151
16988,6.357624071190387
16989,9.222627006827988
16990,12.370026936411726
16991,10.679135110595144
16992,10.58669807517265
16993,10.414411247627475
16994,10.755120623449683
16995,11.237034618850954
16996,8.907490143135226
16997,12.901452164861373
16998,14.461656811712697
16999,5.553078432173436
17000,8.706570613475986
17001,10.894175343947602
17002,10.520068059980794
17003,11.533924695590157
17004,10.936375158618382
17005,10.11523658410463
17006,9.3377251380503
17007,10.480193331220507
17008,10.350413374401208
17009,9.609960935101801
17010,8.696395818168513
17011,10.815638720351458
17012,5.041665430688909
17013,8.994667416256265
17014,11.300907902696745
17015,7.0818058251435625
17016,10.534270282614536
17017,15.087398912295702
17018,8.232350350928511
17019,5.617098226539326
17020,9.499384394477023
17021,10.394473656203647
17022,9.635819842723546
17023,9.639674546645017
17024,6.230130052837764
17025,7.462092358228317
17026,8.910000705787409
17027,5.722987408532184
17028,11.39638382121637
17029,11.343446069003361
17030,14.244959543822635
17031,10.144094745924239
17032,10.15574868128778
17033,11.914548174048134
17034,11.104887693493161
17035,13.682287716621536
17036,6.999341470337276
17037,9.558333760020504
17038,5.028364658270004
17039,9.774463153635784
17040,8.82741320613217
17041,10.300236992150921
17042,7.945800422565087
17043,14.562139706195135
17044,10.457188308507627
17045,11.748008388711924
17046,7.334343537858007
17047,9.489084671725594
17048,10.074284783708052
17049,5.118522215615831
17050,10.747034679747552
17051,5.329051299264479
17052,9.557595619654535
17053,13.024454075082676
17054,10.899122846235793
17055,11.206635860611856
17056,9.91536130444824
17057,7.493202154439644
17058,7.683729851537783
17059,12.20180996222238
17060,6.9967477168304555
17061,9.325531763781244
17062,8.939109169454179
17063,5.6373020645426815
17064,10.2064114428764
17065,7.570055293627837
17066,9.48995601022511
17067,12.291023020940386
17068,9.454941796692736
17069,9.998002302454003
17070,8.696395818168513
17071,11.032996397827112
17072,10.15910352800927
17073,11.846632579889159
17074,12.57698983608343
17075,11.60946005065437
17076,11.951416130755023
17077,8.248003900675604
17078,6.8460297503474346
17079,8.180017794430807
17080,8.35873854441807
17081,10.035049227452618
17082,10.178206203319439
17083,11.36384639693153
17084,10.19530468969933
17085,8.078388881003102
17086,12.680554785411509
17087,11.636717105830918
17088,11.107921644968766
17089,9.46651966432061
17090,11.241324000913052
17091,11.098602174175138
17092,9.62686649217654
17093,9.342339913342144
17094,8.840964248530717
17095,9.248026057448595
17096,7.842701247643274
17097,9.092515246164675
17098,11.269610746342963
17099,6.760971642034328
17100,6.669023456061113
17101,7.393685081650227
17102,11.878878573965942
17103,4.600598102868315
17104,9.056935074307319
17105,8.206984472276194
17106,6.3952071508636825
17107,10.354998143065103
17108,11.437555468544973
17109,10.58712919623643
17110,11.12984171359432
17111,14.613248179966856
17112,6.3952071508636825
17113,14.224699619260777
17114,7.277517177125794
17115,11.757016149637721
17116,9.397548222366298
17117,9.792411084466591
17118,6.503939593751589
17119,11.139393804802097
17120,9.338402345475664
17121,10.31797816836536
17122,12.490096415536712
17123,10.275480076211652
17124,10.97634323608232
17125,9.610658694386611
17126,7.929152877306429
17127,11.618490142106356
17128,10.42956368891343
17129,6.999341470337276
17130,6.68292940464521
17131,10.150715938728686
17132,7.120659532923766
17133,12.934147468326515
17134,10.445747745010774
17135,6.32444312615972
17136,12.399039583730254
17137,7.393685081650227
17138,14.607887992418767
17139,8.078388881003102
17140,9.128732122318075
17141,10.852966334923197
17142,11.055895709017387
17143,8.92772910433782
17144,11.141088674024974
17145,10.374820125126117
17146,5.553078432173436
17147,11.41508570247508
17148,13.15213736397316
17149,9.802233174823384
17150,5.661453108018641
17151,11.616358414126196
17152,13.162923374386896
17153,5.028364658270004
17154,9.054970957002302
17155,7.334343537858007
17156,11.712083620757493
17157,6.566761500120777
17158,10.928777234628683
17159,9.370581544520912
17160,9.93173086752962
17161,13.572674158385905
17162,11.756491252373536
17163,9.637752876080947
17164,11.881036831558129
17165,11.362076005189127
17166,10.159906170687556
17167,9.370753888032791
17168,11.749502198370505
17169,10.872541346924738
17170,6.096905054655115
17171,5.6373020645426815
17172,9.52418304609233
17173,13.63431416146256
17174,6.899824397547857
17175,10.918487772896713
17176,8.645396565012987
17177,10.19075778904209
17178,7.570055293627837
17179,6.411873355740079
17180,7.050696028932236
17181,10.499931610763223
17182,7.7940956819346505
17183,10.077599343233173
17184,13.343802729565608
17185,6.230130052837764
17186,10.847718553896579
17187,9.282961270508448
17188,8.200253217926546
17189,6.7298618458230015
17190,12.343414005339186
17191,12.998566177450158
17192,7.863406737892004
17193,10.37233460880985
17194,9.35661793723488
17195,7.493202154439644
17196,8.17659760845612
17197,10.674938817009863
17198,10.377025938594123
17199,6.230130052837764
17200,7.649963947214253
17201,11.847469848596136
17202,16.89516319594325
17203,11.966119428946682
17204,6.747980455037537
17205,10.05837239512526
17206,8.956422338637934
17207,8.871915696563164
17208,6.760971642034328
17209,9.173283881023448
17210,6.6682051152552395
17211,10.397802943496416
17212,9.89736321791576
17213,9.659170838764714
17214,10.671301215317595
17215,8.248465326040217
17216,8.185552828378343
17217,11.770921364631521
17218,8.687618846554994
17219,11.183366922148586
17220,9.109929427283395
17221,10.757908058259918
17222,10.003020589432605
17223,12.286485586837852
17224,7.0761946095254675
17225,6.612102143766328
17226,11.092526317253698
17227,11.594468867145522
17228,9.300870673981736
17229,14.834296596444563
17230,9.667794850399547
17231,10.530265144480367
17232,8.199688547837008
17233,9.147621496424279
17234,14.713623647803844
17235,6.230130052837764
17236,7.627694982122174
17237,10.529949519704477
17238,8.600139456270636
17239,7.295635786340329
17240,9.523008807370353
17241,4.397422146038377
17242,11.84383778375953
17243,10.273156509382996
17244,16.04431268278779
17245,11.217915918202813
17246,10.192591661911568
17247,7.493202154439644
17248,13.808326601849107
17249,8.965781897217578
17250,10.425372883020936
17251,7.570055293627837
17252,10.861220811506344
17253,9.526697684703825
17254,7.570055293627837
17255,14.571759908399464
17256,7.334343537858007
17257,11.148593313590684
17258,10.749887006075356
17259,13.34605343294237
17260,13.136281706702844
17261,11.958884323880214
17262,10.995343077407286
17263,11.168464394745277
17264,10.266824505554837
17265,11.223383111097805
17266,9.49723448550619
17267,8.112049556320242
17268,10.46300010045725
17269,5.6373020645426815
17270,6.68292940464521
17271,11.792695335907663
17272,8.430407481392221
17273,9.58396732461024
17274,9.20166451968781
17275,9.856897983246041
17276,17.167139971001593
17277,10.467625498527722
17278,10.003608377048247
17279,9.306734674508004
17280,12.523896873622874
17281,7.493202154439644
17282,16.070109558084095
17283,10.911000223450706
17284,7.393685081650227
17285,9.61696856910004
17286,10.247744125736618
17287,9.393469860458032
17288,9.46723569443527
17289,8.669694855564645
17290,15.689386928107425
17291,8.022354011587494
17292,9.512455390591365
17293,9.388670835846451
17294,11.130327234289984
17295,11.601635758349818
17296,9.218196178173738
17297,12.029296309241598
17298,13.818386967855497
17299,11.138596047274211
17300,10.72291550288028
17301,10.637753755637926
17302,10.285664770042757
17303,7.551527481385334
17304,9.03622639889274
17305,6.9967477168304555
17306,6.541338119062365
17307,12.002948441574198
17308,9.061750636755535
17309,9.534690616587806
17310,6.541338119062365
17311,13.355274978469843
17312,10.643970722718004
17313,10.115394577084393
17314,10.981568784258027
17315,7.863406737892004
17316,11.243512950197472
17317,13.573238816713758
17318,9.833858206566083
17319,10.052055035289756
17320,8.747255741076673
17321,12.496700891224407
17322,5.374067239443073
17323,9.635715032838778
17324,11.713485805227215
17325,10.552632233683273
17326,9.522146042147986
17327,10.568279047594618
17328,6.096905054655115
17329,6.576426105780441
17330,9.830153248316828
17331,11.34520197115417
17332,10.26021533729471
17333,8.787799851481926
17334,10.536357967926902
17335,9.865700177155055
17336,10.307371556526709
17337,11.599185594746542
17338,9.834256566167598
17339,10.100824338627609
17340,10.519496566888533
17341,8.527580614314077
17342,5.482441915288278
17343,6.8460297503474346
17344,9.518833841162065
17345,6.135213873119755
17346,10.71560057419714
17347,8.400462555712114
17348,9.533535108405196
17349,10.012394416428068
17350,10.659743750630307
17351,11.741370684754939
17352,12.531271277441544
17353,11.082633087223263
17354,10.978974821091601
17355,9.498675815262729
17356,15.195813972761158
17357,8.78723102478705
17358,7.570055293627837
17359,14.11997856412261
17360,11.739672337420341
17361,10.844368035323182
17362,8.237360277108593
17363,11.40164137597247
17364,9.312693100031774
17365,9.8118698331261
17366,6.612102143766328
17367,4.542563581416717
17368,7.863406737892004
17369,8.496512232844875
17370,15.530396514609171
17371,6.096905054655115
17372,5.75636928773665
17373,11.797361110406023
17374,9.251171740828285
17375,8.183229944845376
17376,11.411158076621794
17377,9.745299717133728
17378,9.820147700955268
17379,9.29109475328944
17380,9.20166451968781
17381,8.696395818168513
17382,12.152391502699748
17383,10.234950098607793
17384,11.969629479988397
17385,8.35873854441807
17386,10.681802923066034
17387,5.6373020645426815
17388,13.8816763688294
17389,5.623843568415485
17390,10.220542771967168
17391,10.532401329339399
17392,15.079206242281888
17393,10.03132018689247
17394,10.60768545776946
17395,11.446176872641667
17396,11.915951063850658
17397,6.968231674125949
17398,12.352226339387165
17399,9.12316119863605
17400,10.952462225673877
17401,9.777066508449584
17402,8.852459322701153
17403,10.836162086663759
17404,16.472809304363718
17405,9.603880792409857
17406,10.597233499911788
17407,8.815677417094356
17408,12.026811213464757
17409,9.196517653973975
17410,8.235030612338603
17411,12.685819839937842
17412,9.423804064891643
17413,10.08300241198532
17414,6.999341470337276
17415,8.676189119199094
17416,11.494060295306603
17417,8.727860919819271
17418,11.494283871852875
17419,11.47350109945212
17420,9.313941670096078
17421,10.79536871876125
17422,9.170329083647276
17423,14.360387806580018
17424,10.350391605826086
17425,6.096905054655115
17426,10.237129640867781
17427,10.204706132147543
17428,11.647530110345782
17429,10.236306063746545
17430,14.140029199150726
17431,11.223353732618929
17432,12.471689810579045
17433,6.230130052837764
17434,8.066940394264376
17435,10.024702269926776
17436,13.103960836465237
17437,7.181322897932981
17438,10.325592954210778
17439,11.568795524910284
17440,9.777403005887301
17441,9.182050756875757
17442,9.929631282327481
17443,12.688665468897483
17444,8.910000705787409
17445,4.542563581416717
17446,12.46519346114954
17447,11.489246191696237
17448,10.985255650006408
17449,6.899824397547857
17450,8.82980804144823
17451,5.360766467024166
17452,6.945546823136854
17453,11.618020653271623
17454,11.71821333836316
17455,5.1500401065341155
17456,18.672494556860517
17457,7.393685081650227
17458,7.181322897932981
17459,11.621316780640697
17460,8.875394581962647
17461,10.016418021696843
17462,11.228999010032759
17463,10.08561514276384
17464,6.999341470337276
17465,4.513252726136535
17466,12.958547465116684
17467,10.7707725125592
17468,6.135213873119755
17469,11.31807411527566
17470,5.661453108018641
17471,11.609256602749227
17472,11.10599936322457
17473,5.528927388697476
17474,5.710120063834223
17475,14.672475830931818
17476,6.535679395934075
17477,8.534945797669636
17478,9.410892304635123
17479,12.628731707623674
17480,10.633096598404824
17481,7.683729851537783
17482,10.849013090916653
17483,5.824022595874177
17484,10.621285423085924
17485,6.643211939977655
17486,10.770202366567002
17487,6.8147662892347505
17488,9.52091695929682
17489,13.886885606230754
17490,9.802233174823384
17491,14.71687668187919
17492,9.532464853638627
17493,9.670179058399873
17494,11.561363788068261
17495,9.125453469074783
17496,9.162196418892531
17497,4.397422146038377
17498,9.0126937995969
17499,10.345110346332442
17500,10.571144354764398
17501,10.351790065579257
17502,10.119952889037423
17503,6.32444312615972
17504,10.1975209966942
17505,12.0558451754271
17506,6.230130052837764
17507,13.255878479081396
17508,12.215488357016046
17509,12.598847005765286
17510,9.03622639889274
17511,4.8328796008204895
17512,9.54861944928667
17513,7.2581760371211725
17514,9.37588380517546
17515,8.99101322657914
17516,8.926425974204063
17517,14.47209994724053
17518,10.376892626143118
17519,11.977827678018674
17520,8.258065767357321
17521,10.604711678255054
17522,9.890562652832932
17523,7.181322897932981
17524,13.417493196522239
17525,10.223698380595442
17526,11.483754086587387
17527,12.796362013076436
17528,14.200022093025765
17529,7.631033609609357
17530,10.092695913784702
17531,13.725978183404006
17532,8.655483628950366
17533,4.426733001318558
17534,13.37743200244229
17535,6.487543471861943
17536,7.570055293627837
17537,9.101765444472688
17538,7.2581760371211725
17539,6.096905054655115
17540,11.369663843644659
17541,9.39279755551517
17542,12.055854107992495
17543,11.243213242372093
17544,6.52321950984783
17545,8.985874063472556
17546,6.885368595317472
17547,10.035332647375583
17548,10.496048403919321
17549,8.653476591961857
17550,14.33593872394045
17551,15.842348089992036
17552,11.03207342983255
17553,11.288981538632063
17554,9.92070617692993
17555,12.21787379057595
17556,13.67767032231148
17557,4.893708347018955
17558,7.570055293627837
17559,10.597775384954424
17560,10.314873396754242
17561,9.1140752273669
17562,11.778438497003163
17563,12.226668361664235
17564,9.551332030720845
17565,9.047380412987263
17566,10.269605451988213
17567,11.406873323671023
17568,10.093645915999366
17569,11.15822705029433
17570,6.3952071508636825
17571,10.416090397596369
17572,10.43282479525763
17573,14.545678480504622
17574,10.456758727972847
17575,6.191821234373124
17576,9.122015746603026
17577,5.360766467024166
17578,10.64844576623306
17579,10.230395024144734
17580,9.091414971434734
17581,4.397422146038377
17582,6.135213873119755
17583,11.664091576900505
17584,7.316133557014064
17585,12.910238869326523
17586,9.680781141090725
17587,13.377499371020367
17588,9.275823196122237
17589,5.675610883007322
17590,9.239586091754173
17591,13.047930456845199
17592,8.87668714038617
17593,6.32444312615972
17594,10.715051126060319
17595,5.378414410617898
17596,10.597233499911788
17597,8.885370726025062
17598,8.446859956778658
17599,5.380970305027521
17600,10.714419228110652
17601,10.114338960440765
17602,15.733340339639234
17603,9.364393921646553
17604,8.112049556320242
17605,9.211078387206843
17606,10.261949674335604
17607,9.68840476017535
17608,10.964514552206696
17609,10.841421965748903
17610,8.879215004098473
17611,9.774118863426178
17612,9.344418417991049
17613,11.797361110406023
17614,8.267183070424439
17615,10.037815792164778
17616,8.108485866238594
17617,8.359369838623367
17618,10.717644869993777
17619,14.279040828243078
17620,7.3625752854389
17621,10.696468919710293
17622,6.612102143766328
17623,14.677056183882183
17624,10.13255355988474
17625,8.676189119199094
17626,9.02683696655765
17627,9.745533221358093
17628,12.600555771238048
17629,11.07333834397081
17630,11.476729172633707
17631,14.432160600194054
17632,8.237360277108593
17633,6.121056098131074
17634,16.137374949175427
17635,12.063566931108515
17636,10.071372984993298
17637,9.986847471712004
17638,10.052135824154568
17639,9.203302297548943
17640,10.142885125722614
17641,11.24652591488101
17642,14.889773079343
17643,6.576426105780441
17644,13.296769293109866
17645,10.844657352961422
17646,10.587520535297719
17647,10.170725014219155
17648,10.260219041044916
17649,11.459150554620082
17650,11.487308085171684
17651,10.937177830602698
17652,6.135213873119755
17653,8.977426218187924
17654,11.767297240629889
17655,11.22969949072277
17656,10.015376409832532
17657,11.374921164193582
17658,8.38678468448048
17659,9.792411084466591
17660,10.742626738788628
17661,11.02997171318627
17662,11.225520914733002
17663,14.6167154955966
17664,10.918564089315494
17665,11.768629386351874
17666,12.050700111899047
17667,12.65235063937495
17668,10.763903802325277
17669,10.438005622533291
17670,8.857263946360103
17671,10.827321389414106
17672,8.973552706968736
17673,5.176321741939957
17674,6.999341470337276
17675,7.842701247643274
17676,12.469329201870941
17677,8.237360277108593
17678,9.65281632640793
17679,14.537283846315606
17680,10.3469078425898
17681,7.651739099858087
17682,6.597871296332104
17683,11.46652850305386
17684,11.012113972200092
17685,11.943956456114448
17686,7.842701247643274
17687,6.612102143766328
17688,9.108066086629314
17689,9.85510684267158
17690,10.847450965659249
17691,13.263913194618757
17692,7.549349803379107
17693,8.655483628950366
17694,10.843801558082292
17695,7.55478861550264
17696,12.103456218103233
17697,7.842701247643274
17698,6.229526946441711
17699,10.330169599528707
17700,9.040312753280217
17701,9.207088714740769
17702,9.907341927153896
17703,7.973772568288871
17704,9.613247930887963
17705,9.923037684974267
17706,5.661453108018641
17707,8.186409579273201
17708,7.181322897932981
17709,7.0818058251435625
17710,11.970623402724506
17711,5.662152386880126
17712,11.213235303447565
17713,10.612644602947295
17714,9.813822439887268
17715,10.477439635184234
17716,13.832879801513325
17717,9.089025253943356
17718,10.770202366567002
17719,11.081362606526064
17720,9.973679874634911
17721,10.267572222637007
17722,10.988878409612163
17723,6.393230398539988
17724,8.180017794430807
17725,9.632394859674541
17726,8.942488872343429
17727,7.570055293627837
17728,11.168616369500109
17729,10.355019655121186
17730,10.841541572629804
17731,10.333665958548373
17732,11.470160190096506
17733,7.5831781130170395
17734,13.410920227755991
17735,10.431496642294238
17736,9.572670612414365
17737,6.7298618458230015
17738,13.1345280292968
17739,4.893708347018955
17740,14.507920849956461
17741,13.740069416241928
17742,9.61889294537199
17743,12.618645579878338
17744,7.570055293627837
17745,6.135213873119755
17746,6.612102143766328
17747,9.94256758595386
17748,10.091339343186913
17749,9.641476445321153
17750,10.324246125941773
17751,11.579614644613072
17752,11.23399096821841
17753,10.913629679709272
17754,14.951509840129509
17755,10.35920268693584
17756,14.152042951162755
17757,7.493202154439644
17758,7.549349803379107
17759,11.681843486403398
17760,8.066940394264376
17761,8.97902988124884
17762,9.850860701788722
17763,6.585162142694992
17764,9.332498113024835
17765,9.49723448550619
17766,7.493202154439644
17767,10.891330848349892
17768,7.651739099858087
17769,10.720059050156024
17770,6.3952071508636825
17771,18.95325452522821
17772,9.946083065016532
17773,9.325681978885227
17774,7.181322897932981
17775,13.075315751912925
17776,11.901254086482087
17777,15.765157430090287
17778,9.496346304284232
17779,6.86871460133653
17780,9.055401264010166
17781,11.04429391040101
17782,9.658240056839228
17783,10.794314390795565
17784,11.900510723099588
17785,11.926593552751031
17786,6.747980455037537
17787,5.6373020645426815
17788,9.901826746365662
17789,10.888932134796574
17790,17.32886985659167
17791,13.63169351562681
17792,8.964273112411579
17793,11.750402400766106
17794,9.719250918632948
17795,12.23160935379834
17796,10.90964091676331
17797,10.216959913160744
17798,11.129752674166577
17799,11.922077677841104
17800,11.754240679344315
17801,11.806461402967896
17802,4.893708347018955
17803,7.973772568288871
17804,12.05075778206367
17805,10.778561474695325
17806,7.549349803379107
17807,8.554770003481629
17808,14.556553119601576
17809,15.099048924990301
17810,5.380970305027521
17811,6.135213873119755
17812,7.0761946095254675
17813,12.705669808110395
17814,9.378569131919223
17815,9.906429491123513
17816,7.393685081650227
17817,11.37421181675636
17818,10.6829614893812
17819,8.712035739387076
17820,10.914331002948478
17821,16.651599278954055
17822,5.508723550694121
17823,10.82124405065662
17824,4.397422146038377
17825,15.321052744735114
17826,11.60817434681635
17827,10.175488877308482
17828,4.703368056597625
17829,8.905617935536574
17830,9.575535030745693
17831,10.867861632369397
17832,10.411043340071291
17833,11.467732697139152
17834,9.190033767732613
17835,10.419844005060202
17836,10.589623078150634
17837,7.493202154439644
17838,10.831036369940456
17839,13.958702182991264
17840,14.213867303724392
17841,10.543604550305378
17842,5.553078432173436
17843,4.7925148639306325
17844,10.130283863641514
17845,6.9047995308572405
17846,10.035717726616044
17847,8.510686977394112
17848,6.503939593751589
17849,10.41030777938507
17850,11.440652319573992
17851,11.060681722570774
17852,10.42713542185877
17853,10.705183175731795
17854,11.837239336628082
17855,9.97088171663184
17856,11.262125571815709
17857,9.388670835846451
17858,11.616553106422973
17859,13.177042722502895
17860,8.251993404863782
17861,11.777388256166887
17862,12.00422644589897
17863,8.90586195811912
17864,10.522517949322681
17865,7.570055293627837
17866,6.191821234373124
17867,11.032741550875318
17868,6.428906436525875
17869,7.495219471115892
17870,10.772056645363163
17871,6.760971642034328
17872,9.394429663767832
17873,10.533106218865605
17874,6.229526946441711
17875,7.390378407273616
17876,8.961866375939781
17877,11.371937256637265
17878,10.327657291319756
17879,12.391943487353934
17880,9.106647282112553
17881,10.34064426317373
17882,7.651739099858087
17883,10.389820632607304
17884,8.655483628950366
17885,7.628012813520728
17886,6.135213873119755
17887,11.528862443276726
17888,4.456534151850888
17889,8.87668714038617
17890,9.8485940668557
17891,8.976346755970901
17892,10.036527759274392
17893,9.82215012687271
17894,12.244934439712665
17895,11.4871166255653
17896,5.360766467024166
17897,10.687804196149822
17898,11.698071999270553
17899,10.629691974736058
17900,9.832941775938622
17901,9.722790899424295
17902,12.402096348691174
17903,6.612102143766328
17904,11.35577970994867
17905,4.456534151850888
17906,10.58246245071297
17907,8.38678468448048
17908,7.5173589819910145
17909,9.90987211702003
17910,12.37692637333552
17911,12.359683225863083
17912,7.405497610944573
17913,7.0818058251435625
17914,12.478276179538335
17915,11.11355330914709
17916,14.230695731961887
17917,6.096905054655115
17918,13.146283336903554
17919,7.842701247643274
17920,10.566130273439837
17921,11.320615366302835
17922,15.858978615871216
17923,9.917559500976703
17924,6.566761500120777
17925,11.188627184094326
17926,7.591914149931591
17927,6.135213873119755
17928,10.827321389414106
17929,9.364500789242477
17930,6.64405407177928
17931,10.563447117495317
17932,15.00866998251204
17933,11.112128217644628
17934,8.686414485782239
17935,11.820222727528032
17936,9.91803122895106
17937,8.595334832611686
17938,7.493202154439644
17939,8.815677417094356
17940,7.050696028932236
17941,7.570055293627837
17942,4.6718501656793405
17943,13.615153239395978
17944,8.144159142827524
17945,10.103074959853135
17946,7.570055293627837
17947,5.482441915288278
17948,8.083968117298046
17949,4.907377586041316
17950,4.397422146038377
17951,12.376085571653684
17952,10.22484374614553
17953,10.51221775390438
17954,5.661453108018641
17955,10.544895357197001
17956,12.481591752723437
17957,10.224468046542906
17958,12.402096348691174
17959,9.795854824389423
17960,14.535085371313325
17961,9.267990380694988
17962,5.592947183063367
17963,8.80829790356168
17964,9.333875028074669
17965,12.327703448141017
17966,13.472906017233534
17967,8.359369838623367
17968,16.849577118392837
17969,10.431157170878299
17970,6.86871460133653
17971,9.0126937995969
17972,9.52418304609233
17973,9.585860141641112
17974,9.607305310317596
17975,5.336615423548206
17976,5.661453108018641
17977,14.460662445418695
17978,6.999341470337276
17979,11.40295658110745
17980,10.226426950378336
17981,7.4976010766096355
17982,11.152930531885097
17983,13.240337856723787
17984,13.097861590899765
17985,10.218367425698046
17986,9.125257447599182
17987,6.135213873119755
17988,12.602182629199639
17989,9.171161952765747
17990,12.555414903729773
17991,8.183229944845376
17992,10.20198427394326
17993,7.493202154439644
17994,9.593897363971305
17995,6.8460297503474346
17996,9.75001752443338
17997,9.930652421513097
17998,6.747980455037537
17999,8.765476247071676
18000,5.419279123492162
18001,8.967054532255313
18002,10.60768545776946
18003,6.230130052837764
18004,4.53976935666985
18005,5.75636928773665
18006,9.12145875478471
18007,11.591240900182651
18008,10.201923071872843
18009,7.334732474702523
18010,5.910629110731082
18011,13.131167367106846
18012,9.11915354876023
18013,11.956754904838572
18014,11.60946005065437
18015,10.639209556798203
18016,10.022014577403393
18017,11.777136041456583
18018,12.453755128379903
18019,8.515533949625505
18020,6.8147662892347505
18021,13.987076508777864
18022,10.148404748028865
18023,17.801011812974057
18024,6.899824397547857
18025,11.269440817909624
18026,10.763903802325277
18027,13.388491982152804
18028,10.209156873149539
18029,12.119533108531694
18030,12.798135731496853
18031,10.201294982214641
18032,9.183686379266371
18033,6.452540250908396
18034,5.553078432173436
18035,9.542853737095054
18036,9.225423607658112
18037,10.457564878932496
18038,9.256981277370818
18039,5.336615423548206
18040,11.108641985133643
18041,10.928490688111077
18042,9.738353801405813
18043,12.767997805165445
18044,11.686215601839335
18045,10.684941811349823
18046,10.350391605826086
18047,11.967772136399473
18048,8.078388881003102
18049,15.324313694837263
18050,12.230132916219935
18051,12.7577419008056
18052,11.43087635929868
18053,10.308506701711469
18054,9.46723569443527
18055,8.23635348364522
18056,11.069458429287868
18057,9.805031053177755
18058,10.829231138773002
18059,10.904115504716147
18060,11.89934693701726
18061,12.877405863570255
18062,7.631033609609357
18063,11.34209534470145
18064,8.022354011587494
18065,10.398357896975513
18066,11.377642004006768
18067,9.46651966432061
18068,6.230130052837764
18069,6.413325760078218
18070,9.469379987640258
18071,10.225276071784885
18072,10.115034959960589
18073,10.883290618524624
18074,12.009596178504282
18075,10.508275148452821
18076,11.181847101176114
18077,11.084728456769986
18078,11.976840714199675
18079,12.099413077735802
18080,9.101310256354298
18081,10.943675661686521
18082,9.190033767732613
18083,9.20166451968781
18084,12.248613891253004
18085,12.07012965239543
18086,9.603880792409857
18087,11.510820811345946
18088,10.818879309649997
18089,11.671846135208332
18090,10.003341081983898
18091,11.075279388631037
18092,11.859912195027313
18093,11.561115748243575
18094,9.738353801405813
18095,7.181322897932981
18096,7.651739099858087
18097,10.74267149783834
18098,10.240816375111251
18099,11.265716245578284
18100,7.493202154439644
18101,12.225967472569511
18102,9.751803001356823
18103,7.393685081650227
18104,7.0818058251435625
18105,7.493202154439644
18106,10.231210094491708
18107,9.219080029069197
18108,5.6373020645426815
18109,12.521226127401153
18110,9.688751009836707
18111,6.413325760078218
18112,17.132797365651584
18113,7.416027344088257
18114,10.036164056094883
18115,9.284511212245839
18116,9.234305184442736
18117,10.767609481335352
18118,4.832625040683458
18119,11.459287084891827
18120,7.5831781130170395
18121,14.419129634222712
18122,10.744806440534378
18123,8.144159142827524
18124,7.953067078040141
18125,10.149300249635303
18126,9.054970957002302
18127,7.549349803379107
18128,10.774789967644068
18129,5.6373020645426815
18130,10.556590873277182
18131,9.39871992046528
18132,9.20424610669353
18133,8.260235617661408
18134,11.581061283042445
18135,9.352387000725127
18136,10.160962184246177
18137,10.98539257775542
18138,11.672054838060925
18139,10.150073527664063
18140,13.712912477428132
18141,10.62902243852224
18142,8.668413816517736
18143,10.35123886633679
18144,11.192520246526296
18145,11.408005640061937
18146,10.509675813806489
18147,7.863406737892004
18148,11.366636262682404
18149,13.89698793857131
18150,10.145976857601687
18151,11.566905300511023
18152,4.928181925194501
18153,5.661453108018641
18154,14.290997948326943
18155,12.321022159295419
18156,15.084646997674337
18157,10.220463357338966
18158,8.510686977394112
18159,8.905617935536574
18160,11.642951069990966
18161,10.648829531337972
18162,9.671903590009121
18163,10.876091256294
18164,5.617098226539326
18165,8.756066378164403
18166,17.355765641937417
18167,8.405617289028013
18168,6.096905054655115
18169,9.577233222951183
18170,7.863406737892004
18171,9.364393921646553
18172,15.28621846346558
18173,10.75232768566491
18174,6.682014643057904
18175,5.6373020645426815
18176,11.629209420155588
18177,4.397422146038377
18178,7.493202154439644
18179,8.967054532255313
18180,11.965146646644467
18181,10.746863817881405
18182,10.130693026225511
18183,8.87668714038617
18184,9.670179058399873
18185,10.483790433034203
18186,5.661453108018641
18187,14.698049178697529
18188,8.93216556354089
18189,11.007241358643432
18190,6.760971642034328
18191,14.063680008407744
18192,12.306532215674103
18193,6.135213873119755
18194,10.386070706158621
18195,7.549349803379107
18196,10.952427041116882
18197,8.23635348364522
18198,4.9388954769596
18199,13.343017240251266
18200,9.541584624902288
18201,12.812080278551957
18202,11.308589815083272
18203,11.932694281506192
18204,10.032948371430233
18205,8.595334832611686
18206,10.409606140583051
18207,9.151406108390233
18208,6.437054422172615
18209,7.570055293627837
18210,11.324639855324278
18211,9.459889460915573
18212,7.570055293627837
18213,8.510686977394112
18214,8.965781897217578
18215,15.255983101824395
18216,9.490068298158898
18217,6.794083571362034
18218,14.32093635425981
18219,4.862190456100671
18220,9.718110827516814
18221,10.221863166067553
18222,10.44549172870038
18223,10.801705889585408
18224,9.876516166367976
18225,15.853729126131858
18226,9.636182588494664
18227,17.011623683904894
18228,10.676193394557105
18229,11.800305945683661
18230,9.288216334366043
18231,8.213598968440753
18232,10.406970499387029
18233,11.847744325948158
18234,11.954066186377394
18235,8.844676890186795
18236,4.456534151850888
18237,10.423117895201734
18238,5.868377477353492
18239,12.106691158640492
18240,9.54589870457689
18241,9.148266983875029
18242,6.3952071508636825
18243,7.842701247643274
18244,9.545234404534822
18245,10.968820295113195
18246,8.945530471058962
18247,10.929112054961442
18248,7.627694982122174
18249,11.29008012941557
18250,11.155865203129911
18251,15.415689738716885
18252,10.54702563485388
18253,6.899824397547857
18254,7.493202154439644
18255,9.858760936911553
18256,12.535547244199106
18257,10.615519907856914
18258,6.68033482603881
18259,8.935716848389205
18260,8.165410645852672
18261,7.493202154439644
18262,13.11480439500193
18263,6.999341470337276
18264,9.684635701768096
18265,6.899824397547857
18266,13.343083401905186
18267,13.106611749171638
18268,4.426733001318558
18269,10.221204472439231
18270,7.334343537858007
18271,9.444562998636334
18272,8.740070809210964
18273,10.932431104364927
18274,10.276062840302632
18275,11.933766177689211
18276,13.31278141080686
18277,9.930040409466283
18278,6.86871460133653
18279,11.17536311206978
18280,9.276103043422328
18281,9.054883106620059
18282,10.48444238789973
18283,15.601875514009883
18284,9.323596824580044
18285,9.728906073116914
18286,12.184740199245413
18287,6.135213873119755
18288,10.186513025872081
18289,16.104159828205248
18290,9.82179596635734
18291,8.47450638205348
18292,10.386070706158621
18293,11.55106096438538
18294,9.975326920879928
18295,10.859473880895282
18296,10.960556290252672
18297,15.252587399084378
18298,6.337434313156511
18299,9.484589677364514
18300,8.359369838623367
18301,14.14919038380226
18302,11.402989502687147
18303,8.276511466102626
18304,11.763751024481852
18305,5.553078432173436
18306,11.432612275725452
18307,11.722390461868414
18308,9.251952057444788
18309,11.197466631575333
18310,11.982283720077218
18311,8.780123608938963
18312,10.395415896717717
18313,9.898849933706876
18314,11.382832879784464
18315,10.666470489279769
18316,14.34342733134604
18317,9.82123867840709
18318,15.400265556128888
18319,11.603888820769168
18320,9.873392718471008
18321,10.384597560476093
18322,9.90477474182708
18323,11.965146646644467
18324,11.739600954093024
18325,15.33096910914649
18326,6.612102143766328
18327,9.04709873183175
18328,9.106647282112553
18329,13.302500630249678
18330,13.673071265061536
18331,9.75001752443338
18332,8.949380078125515
18333,8.895411054908193
18334,12.43166616013069
18335,9.388670835846451
18336,10.07241099975653
18337,8.655483628950366
18338,10.961433965970098
18339,9.507058554453396
18340,7.570055293627837
18341,5.405121348503481
18342,9.530890350585365
18343,13.565856943723926
18344,10.425372883020936
18345,9.78132730420465
18346,15.190268958077557
18347,11.814929884268846
18348,9.710075055791737
18349,10.601604277025235
18350,9.284511212245839
18351,10.681930735950674
18352,8.237360277108593
18353,8.35873854441807
18354,7.570055293627837
18355,5.592947183063367
18356,6.7836564930234236
18357,10.241874730348558
18358,14.299565070238796
18359,11.92420486937244
18360,7.420077767314816
18361,6.3063245169451845
18362,11.236076282318209
18363,10.227464442490849
18364,6.413325760078218
18365,9.679306179163992
18366,10.184482870404114
18367,11.013695310527908
18368,9.176678973141758
18369,11.248604200671146
18370,11.407931880345574
18371,10.476611677919417
18372,10.61729650038919
18373,9.03622639889274
18374,10.459121301876468
18375,10.333541891224046
18376,9.745533221358093
18377,10.291880799895894
18378,9.58399086181676
18379,7.651739099858087
18380,13.030252553214297
18381,9.34898336195588
18382,6.517234480336586
18383,11.580060911194664
18384,11.220031589984233
18385,9.614160891787138
18386,10.386968705397637
18387,10.648692510135115
18388,10.532522925910914
18389,15.268024368391911
18390,6.337713264014677
18391,8.237360277108593
18392,10.3266279619784
18393,10.734438312837556
18394,5.307026086860644
18395,10.305172807189017
18396,11.794120618291215
18397,12.777069204140348
18398,10.961869472843226
18399,7.549349803379107
18400,8.601353296687149
18401,8.510686977394112
18402,12.732949975499908
18403,13.55492130950896
18404,11.600507071481292
18405,7.898936745776926
18406,10.075422754508724
18407,8.23635348364522
18408,10.700746675813237
18409,11.454308335706243
18410,9.462374835492827
18411,11.374622325305177
18412,9.789587835217265
18413,8.35873854441807
18414,12.137853632461027
18415,15.007959704544115
18416,11.14634031597842
18417,10.422728476740367
18418,6.812202180576569
18419,6.899824397547857
18420,12.345854947378001
18421,10.948635815893036
18422,7.788570915380059
18423,6.327980467465925
18424,10.484949001596462
18425,7.257789948835596
18426,11.58602152820064
18427,10.942224995586475
18428,10.783135952732138
18429,11.155734138454962
18430,12.161182125296463
18431,6.541338119062365
18432,11.39757151769211
18433,10.763903802325277
18434,9.0126937995969
18435,10.051809456686469
18436,12.158704497460821
18437,10.97631287414416
18438,7.393685081650227
18439,8.458392208647226
18440,9.852464870783088
18441,10.974830556825495
18442,9.473844919327597
18443,8.80680076772111
18444,9.954953527108788
18445,11.2803155287067
18446,9.156448199890336
18447,8.669920817090377
18448,5.380970305027521
18449,9.010052268566396
18450,9.679042145876492
18451,12.54593915402847
18452,11.33988045273089
18453,7.277517177125794
18454,4.427223296570706
18455,6.945546823136854
18456,10.213033494592654
18457,9.544475174811616
18458,9.970607683789282
18459,10.522906947414
18460,14.008255033744627
18461,11.364388001830763
18462,10.217294167415169
18463,7.842701247643274
18464,7.493202154439644
18465,7.628012813520728
18466,10.236960010261377
18467,10.619754226261424
18468,6.68292940464521
18469,9.268618142067934
18470,15.384151429432976
18471,10.311269050426652
18472,13.359735816171515
18473,9.344418417991049
18474,15.581479041736175
18475,14.49237064553097
18476,6.899824397547857
18477,12.248144829218559
18478,16.709984566562095
18479,11.100139979660065
18480,14.933429776091778
18481,10.483057525739985
18482,11.452312748772512
18483,6.135213873119755
18484,12.104093759069425
18485,7.549349803379107
18486,11.144937956006146
18487,9.563285371568032
18488,10.565275927162773
18489,10.728133235623913
18490,16.386706996202882
18491,11.850605368167889
18492,21.976102062643335
18493,11.14317817439484
18494,5.331455611743984
18495,12.743685905600024
18496,10.800669920777196
18497,16.151512389502553
18498,9.407574145358053
18499,8.559433951817605
18500,10.980641119449727
18501,11.711989497952567
18502,11.026826278201415
18503,6.490849069373037
18504,8.861260340980019
18505,13.998028121855858
18506,10.838817917341398
18507,10.46664304443576
18508,10.282712650624045
18509,8.359369838623367
18510,13.029967417117723
18511,7.570055293627837
18512,17.925091145028716
18513,6.899824397547857
18514,10.473277532132828
18515,10.709584882044
18516,13.553599128933913
18517,9.240679797776703
18518,13.59641388094305
18519,11.329795687098159
18520,8.973259883382353
18521,7.953067078040141
18522,7.570055293627837
18523,8.926323425785302
18524,9.909033576552574
18525,10.942360915241677
18526,7.393685081650227
18527,11.005558977921254
18528,7.799484109965314
18529,6.096905054655115
18530,9.211452509857484
18531,10.44408257558509
18532,8.258065767357321
18533,10.814605784565138
18534,10.174446529806488
18535,8.831789663220443
18536,7.863406737892004
18537,9.949999030278093
18538,5.661453108018641
18539,11.153301754120237
18540,9.101765444472688
18541,10.246283568513968
18542,10.438096378087286
18543,11.00958669752397
18544,12.500746945369613
18545,9.33502138790991
18546,10.519585028850903
18547,12.10999509559024
18548,13.215064225049941
18549,7.257789948835596
18550,10.3817710280749
18551,8.696395818168513
18552,11.8784580143999
18553,12.760353890213938
18554,6.576426105780441
18555,10.351004350305153
18556,15.438002043271583
18557,10.615519907856914
18558,10.020737220635265
18559,8.936505867652562
18560,6.597871296332104
18561,9.190033767732613
18562,9.173283881023448
18563,9.407574145358053
18564,7.493202154439644
18565,9.2553975531736
18566,9.54139959285603
18567,11.07821142803199
18568,6.7836564930234236
18569,5.661453108018641
18570,14.77976895300232
18571,10.71940940882827
18572,8.237360277108593
18573,10.783522796243432
18574,9.918786790732714
18575,9.624460661247344
18576,15.873376479728083
18577,10.86164396811652
18578,7.549349803379107
18579,7.393685081650227
18580,10.950699769756866
18581,9.879077818445264
18582,11.801694565253568
18583,8.580139442066333
18584,6.7298618458230015
18585,10.764696710514011
18586,14.626953173537629
18587,6.7836564930234236
18588,7.651739099858087
18589,10.633933681436273
18590,8.23635348364522
18591,10.560430040211436
18592,8.939109169454179
18593,9.5516086156152
18594,10.007889237940443
18595,8.213598968440753
18596,9.123597733664338
18597,11.455736488977804
18598,11.154110542522695
18599,10.762291662232673
18600,9.717370001021479
18601,10.143393738295412
18602,11.502720661838223
18603,6.487543471861943
18604,13.083722583071705
18605,11.456757153511644
18606,12.728153688275867
18607,11.396681532128513
18608,12.578074402848438
18609,9.367257927652902
18610,10.156996485329016
18611,12.255713962033653
18612,8.206984472276194
18613,9.483211957460512
18614,13.724397324742545
18615,16.03508287210819
18616,9.101765444472688
18617,11.764285526956165
18618,11.028145040309854
18619,11.074249426684625
18620,9.043232301267011
18621,10.115034959960589
18622,10.053365444438164
18623,5.553078432173436
18624,8.635319084310842
18625,8.80829790356168
18626,7.393685081650227
18627,5.661453108018641
18628,15.125415767642492
18629,17.566564207756876
18630,7.549349803379107
18631,5.553078432173436
18632,10.440506927575502
18633,11.854353890567404
18634,10.161740486961794
18635,11.837360038781272
18636,4.699545200073397
18637,4.426733001318558
18638,5.528927388697476
18639,9.201811036621592
18640,4.427223296570706
18641,11.441842846230042
18642,9.516511679385019
18643,5.98853037880991
18644,12.971473701288277
18645,10.437857852435078
18646,9.585860141641112
18647,11.329843640784897
18648,12.370068374575485
18649,11.735419967431165
18650,6.886833210551065
18651,9.960913326379012
18652,10.774904347442625
18653,11.188627184094326
18654,7.570055293627837
18655,11.21503072424455
18656,9.117695500972939
18657,14.219766122915802
18658,7.080357482217937
18659,8.180017794430807
18660,14.246994931287468
18661,6.517234480336586
18662,9.930652421513097
18663,10.657658945377301
18664,11.449033554936204
18665,6.3952071508636825
18666,10.376892626143118
18667,9.847160198113771
18668,9.348734207400959
18669,11.120693437389155
18670,11.701821739824561
18671,7.973039445532014
18672,9.802233174823384
18673,17.245079185996243
18674,10.462281457306545
18675,11.104491151449224
18676,8.787799851481926
18677,15.252613879759641
18678,4.427223296570706
18679,10.117209430803824
18680,11.137326309215752
18681,8.206984472276194
18682,8.964273112411579
18683,9.693409319049675
18684,7.651739099858087
18685,9.795543889996848
18686,9.453041522111205
18687,6.7298618458230015
18688,10.602098878199884
18689,10.843801558082292
18690,11.46437609982502
18691,12.52591989858723
18692,10.658394613548456
18693,16.82174717335208
18694,11.030869859466263
18695,7.0818058251435625
18696,5.661453108018641
18697,5.405121348503481
18698,13.041446774976164
18699,9.698048193903553
18700,4.397422146038377
18701,6.121755376992559
18702,14.412620816956442
18703,10.585557982479477
18704,9.514807597032645
18705,7.570055293627837
18706,11.802294634200912
18707,8.180017794430807
18708,8.237360277108593
18709,5.617098226539326
18710,12.06536019239074
18711,6.760971642034328
18712,11.72348168596825
18713,10.270084211779734
18714,7.493202154439644
18715,7.973772568288871
18716,6.191821234373124
18717,9.802233174823384
18718,9.39279755551517
18719,8.655483628950366
18720,9.793591914862734
18721,12.767997805165445
18722,10.377296302800625
18723,9.056935074307319
18724,5.675610883007322
18725,11.252687550237818
18726,11.75001271934441
18727,11.750021763552608
18728,13.607788718806491
18729,9.46723569443527
18730,7.493202154439644
18731,7.842701247643274
18732,6.612102143766328
18733,9.281971211051058
18734,6.096905054655115
18735,8.787799851481926
18736,8.015019588244785
18737,5.553078432173436
18738,9.061750636755535
18739,8.35873854441807
18740,10.04747535587326
18741,10.704582440454834
18742,9.75767982413857
18743,12.057028433619763
18744,15.737181487195182
18745,7.627694982122174
18746,10.647286428378695
18747,10.762569232540525
18748,7.5236827879849795
18749,9.016541342441155
18750,12.936645625763667
18751,10.644837189810529
18752,10.854352101272422
18753,11.962523337676494
18754,13.255467982389892
18755,12.833216658306844
18756,16.43522524027203
18757,10.371725265929705
18758,10.632213095981005
18759,15.566145625524982
18760,8.510686977394112
18761,12.110069541156536
18762,10.770202366567002
18763,9.8471831805758
18764,9.207088714740769
18765,10.336316472453026
18766,8.913044177429972
18767,6.558307496565906
18768,7.181322897932981
18769,10.840365699375447
18770,8.563454449636525
18771,7.393685081650227
18772,10.108329161003484
18773,12.331134075366366
18774,6.859299616622821
18775,11.538988180612519
18776,9.932305604288993
18777,14.066319567090757
18778,11.353781996995405
18779,11.607246852875875
18780,9.403636025326318
18781,9.578045348343306
18782,7.1059628278687015
18783,9.842978116536248
18784,8.703622126415013
18785,13.439732119223233
18786,11.688476164907875
18787,9.144001781591236
18788,7.863406737892004
18789,14.589133324856467
18790,10.499374302604448
18791,10.020737220635265
18792,11.279101497737837
18793,12.57409504663661
18794,9.347555473970697
18795,8.863269355804471
18796,8.66011814152704
18797,11.009093880429635
18798,10.468477751390196
18799,12.857312941852932
18800,12.147939093427693
18801,7.103657061891713
18802,6.3952071508636825
18803,11.038827634564418
18804,5.6373020645426815
18805,10.127199438260734
18806,14.521310526438848
18807,8.595334832611686
18808,9.85603084356143
18809,11.385952101681138
18810,9.280183754964044
18811,7.334343537858007
18812,11.181967554574879
18813,8.652889367714234
18814,9.645273100553503
18815,9.58399086181676
18816,9.606027558121673
18817,13.156708852948881
18818,6.968231674125949
18819,13.16162238592391
18820,12.09891899303089
18821,11.986224688392818
18822,11.055596741685605
18823,11.59217810390864
18824,9.2496224323518
18825,10.486215668033266
18826,10.78950426104104
18827,12.352937995114866
18828,11.588053194733318
18829,11.140799190394375
18830,15.249848539540436
18831,7.570055293627837
18832,14.073999769520558
18833,11.436925993959571
18834,10.20308598433058
18835,11.56463079206265
18836,9.822124340751396
18837,6.576426105780441
18838,10.14250081323805
18839,12.389808151544601
18840,10.27857885547068
18841,13.715026103575939
18842,6.801775102237959
18843,9.098476833252752
18844,10.430449670490212
18845,9.65281632640793
18846,9.101765444472688
18847,5.528927388697476
18848,8.206984472276194
18849,11.311321079131694
18850,10.63423980457824
18851,7.788570915380059
18852,15.965964757305725
18853,7.393685081650227
18854,9.451231961024657
18855,9.054970957002302
18856,10.675514246725898
18857,12.678154767953009
18858,8.642016260068996
18859,11.804754230695183
18860,10.2064114428764
18861,10.312039274998254
18862,9.206048041922445
18863,10.023458137781185
18864,9.222627006827988
18865,7.953067078040141
18866,4.513252726136535
18867,10.965816009157471
18868,11.107652001532747
18869,10.634439701751342
18870,11.349021594370964
18871,15.296425566686471
18872,10.05536697382606
18873,9.74052526604496
18874,10.10685037509184
18875,6.303829423989965
18876,7.570055293627837
18877,9.240679797776703
18878,9.16565128230098
18879,4.836869745409947
18880,9.539826272188355
18881,12.966742646341123
18882,8.885370726025062
18883,9.432941207195269
18884,10.05837239512526
18885,10.909541490661281
18886,10.551005210056555
18887,8.836302677959084
18888,9.677313280564768
18889,11.23258707324729
18890,6.272886825860263
18891,11.075975035295686
18892,6.462099086726262
18893,16.04383013991999
18894,7.393685081650227
18895,7.416027344088257
18896,9.749664502020476
18897,10.965944170331502
18898,7.709696619750979
18899,6.135213873119755
18900,6.999341470337276
18901,7.416027344088257
18902,9.580676807185421
18903,10.7880629349906
18904,13.141440249224678
18905,8.696395818168513
18906,11.26002516815866
18907,10.801705889585408
18908,11.821512142598069
18909,6.7298618458230015
18910,6.965637920619129
18911,8.669694855564645
18912,6.584880109335312
18913,9.90725401783911
18914,9.07540519745531
18915,9.185879515636627
18916,6.999341470337276
18917,8.33240316077798
18918,10.135178676482084
18919,14.767890737810731
18920,9.973577250868127
18921,8.258065767357321
18922,10.673353081626724
18923,9.987622072346484
18924,6.135213873119755
18925,5.661453108018641
18926,10.470484168491573
18927,10.650013454292862
18928,10.45243554009803
18929,4.862190456100671
18930,12.35240693156185
18931,5.935489474857965
18932,10.957063341833967
18933,6.999341470337276
18934,6.135213873119755
18935,9.838707533874503
18936,11.210494752580917
18937,8.23635348364522
18938,10.931963073464628
18939,4.730109647091179
18940,9.15991864212059
18941,8.836302677959084
18942,14.68887170718602
18943,9.629965208037893
18944,9.994350202001693
18945,10.837911823799523
18946,7.570055293627837
18947,11.566451993217164
18948,5.6373020645426815
18949,9.367257927652902
18950,10.9416685335404
18951,10.673878842595895
18952,9.730892973302133
18953,10.175488877308482
18954,10.007473934764604
18955,10.784551768817513
18956,10.056284143695454
18957,10.930135057368279
18958,12.243966194698901
18959,9.362225275822642
18960,12.823370025218548
18961,10.411043340071291
18962,10.75232768566491
18963,12.268603675027064
18964,10.734087114550906
18965,10.848154661511572
18966,8.152765469172255
18967,11.227055514418055
18968,14.640837692857623
18969,6.589417292777233
18970,9.127907605788145
18971,9.572670612414365
18972,4.397422146038377
18973,10.077599343233173
18974,5.661453108018641
18975,7.651739099858087
18976,9.996863434440366
18977,8.94440563802226
18978,11.115050817446066
18979,9.20166451968781
18980,6.965637920619129
18981,10.679135110595144
18982,11.804722113113671
18983,10.037186131486429
18984,7.0818058251435625
18985,9.81341967815424
18986,13.482386602687448
18987,10.49714944786787
18988,11.496507266803949
18989,12.921170432788525
18990,10.99251401225119
18991,6.8147662892347505
18992,9.866816895559804
18993,9.951222479931698
18994,7.393685081650227
18995,9.875537889931008
18996,9.798654108425017
18997,14.225459573335655
18998,11.141736905319808
18999,10.097859471344448
19000,11.14436392241707
19001,11.452409082154865
19002,7.570055293627837
19003,6.576426105780441
19004,10.20803250315541
19005,9.403636025326318
19006,11.682384014976083
19007,7.472062213503866
19008,9.693480567760814
19009,10.855394084964846
19010,8.221213000781665
19011,10.47919250710874
19012,12.132152106985485
19013,7.953067078040141
19014,7.493202154439644
19015,9.248026057448595
19016,4.893708347018955
19017,8.927447107027058
19018,11.630963450408407
19019,8.926323425785302
19020,5.898021081077954
19021,10.493808367524478
19022,9.751734362986157
19023,9.751734362986157
19024,11.378953468489582
19025,10.385001057082503
19026,6.794083571362034
19027,12.396756025547024
19028,9.313941670096078
19029,15.583863787652804
19030,10.914505153202038
19031,8.961649743138597
19032,10.027782843170266
19033,8.33240316077798
19034,15.097610289341793
19035,12.971665663928002
19036,9.209624975382278
19037,8.80829790356168
19038,10.505470475211
19039,5.528927388697476
19040,8.866339596542257
19041,4.542563581416717
19042,9.678240815362816
19043,12.293878859062472
19044,7.842701247643274
19045,10.791880666231089
19046,7.570055293627837
19047,6.469424862647408
19048,12.722538905558165
19049,14.432160600194054
19050,15.109121850603229
19051,11.193124495963243
19052,10.887030221537282
19053,8.228337777496101
19054,15.168396016097564
19055,9.8434820852541
19056,6.52321950984783
19057,7.393685081650227
19058,12.72556434336546
19059,9.697738783142785
19060,10.148530641192167
19061,7.493202154439644
19062,15.482447703142991
19063,7.570055293627837
19064,10.483200933854375
19065,10.839239251596792
19066,10.150692261280371
19067,10.6884057403919
19068,10.79666796759631
19069,10.763903802325277
19070,10.64272020190466
19071,12.414839847003428
19072,11.189888852757177
19073,11.586800477031009
19074,10.531041653983356
19075,12.469856362165423
19076,9.468789686720791
19077,9.669720638326393
19078,4.397422146038377
19079,7.863406737892004
19080,11.120693437389155
19081,9.935963952441638
19082,9.470316879974682
19083,14.405831867661139
19084,7.0761946095254675
19085,10.845885101616592
19086,12.692919035674095
19087,12.042812946047901
19088,12.724781063099327
19089,10.461058422182637
19090,8.213598968440753
19091,13.48603767308984
19092,11.450118509379898
19093,9.557084683331649
19094,9.884490231309135
19095,10.803070193617756
19096,11.204764977301764
19097,11.168960731642366
19098,6.230130052837764
19099,9.96021084481559
19100,15.708336026437758
19101,9.556189471132091
19102,8.82741320613217
19103,10.035332647375583
19104,13.09157328261278
19105,7.493202154439644
19106,10.168155186868097
19107,10.132087638871011
19108,10.714957887836018
19109,7.570055293627837
19110,9.276103043422328
19111,11.211256434274535
19112,10.188659762051481
19113,10.95554258000114
19114,7.316133557014064
19115,10.640034247129734
19116,9.327698245253499
19117,9.990651222609687
19118,10.963838873769266
19119,6.899824397547857
19120,8.910000705787409
19121,6.801775102237959
19122,7.842701247643274
19123,16.39611333709281
19124,8.208063934493216
19125,14.798899169648665
19126,11.122393223755497
19127,10.546745231816894
19128,7.570055293627837
19129,9.942303556055752
19130,14.279040828243078
19131,10.863864283994
19132,10.093645915999366
19133,10.98654092290143
19134,12.795530692468244
19135,9.565505567450217
19136,9.259622039580702
19137,11.339796333957214
19138,10.21292513200913
19139,7.570055293627837
19140,8.655483628950366
19141,14.950708466556431
19142,12.06333533990388
19143,10.313618403364329
19144,10.762089946914053
19145,12.433333191209476
19146,9.143099941987094
19147,11.611376873954761
19148,8.180017794430807
19149,10.460723453117195
19150,8.258065767357321
19151,10.221002784806705
19152,11.82769905515887
19153,7.549349803379107
19154,10.474057141787045
19155,11.030512724211425
19156,11.79763666602736
19157,12.165281181042964
19158,11.844426209625256
19159,10.709683357765545
19160,10.333194511597132
19161,11.57582322983733
19162,7.643334903340737
19163,9.247820497122884
19164,18.44149624854034
19165,7.683729851537783
19166,5.617098226539326
19167,8.894385736604667
19168,9.85737084457666
19169,11.373118689531422
19170,5.617098226539326
19171,4.397422146038377
19172,7.570055293627837
19173,10.806576074280061
19174,7.570055293627837
19175,7.570055293627837
19176,9.813604328405043
19177,8.676189119199094
19178,7.493202154439644
19179,4.759420502371361
19180,10.150732631261755
19181,9.577233222951183
19182,10.627645118999657
19183,15.65450911919557
19184,10.415614998496139
19185,12.371750753724138
19186,8.237360277108593
19187,13.712933512713992
19188,7.493202154439644
19189,10.857932351026452
19190,6.096905054655115
19191,8.754682928365508
19192,12.19956017331094
19193,11.055596741685605
19194,14.512044660908083
19195,7.570055293627837
19196,9.603693936908096
19197,11.249775427006506
19198,12.94048246045361
19199,7.0818058251435625
19200,11.136903404455607
19201,16.48183090924175
19202,7.2374705468724425
19203,6.999341470337276
19204,15.056020526388792
19205,13.818838610359203
19206,10.002339418038432
19207,10.718099032032473
19208,11.147844818041133
19209,10.950448379527936
19210,8.819878238571487
19211,8.927539443810652
19212,9.572670612414365
19213,10.41105554885014
19214,10.03132018689247
19215,8.967537740911428
19216,6.68292940464521
19217,5.675610883007322
19218,11.361612415794296
19219,8.237360277108593
19220,9.835378732897631
19221,12.312924730058418
19222,10.669237864446673
19223,10.410986491289666
19224,9.364393921646553
19225,5.661453108018641
19226,12.53345476283313
19227,7.542056580499453
19228,11.933923533947082
19229,11.253604380603557
19230,8.787799851481926
19231,9.623848844373715
19232,10.924835952442281
19233,10.552419009606691
19234,11.086399275397689
19235,6.899824397547857
19236,10.275480076211652
19237,11.715845159263948
19238,7.499810684266528
19239,8.999841816443766
19240,11.092773037492034
19241,6.393230398539988
19242,11.211328942445423
19243,10.499374302604448
19244,10.685641633304773
19245,10.308506701711469
19246,7.628012813520728
19247,4.862190456100671
19248,10.884161918930587
19249,9.499384394477023
19250,10.689044562734496
19251,7.549349803379107
19252,5.528927388697476
19253,7.6894807299105326
19254,12.266747835268186
19255,13.562090546864495
19256,8.022354011587494
19257,10.467625498527722
19258,14.353392826886965
19259,10.24180741051235
19260,6.3952071508636825
19261,15.567391436394434
19262,10.351697728620616
19263,10.923515835526613
19264,10.81702112082548
19265,9.583710347143029
19266,12.496700891224407
19267,9.254895504559961
19268,15.487493124248473
19269,9.975759395136752
19270,11.13420086771825
19271,9.932035027207363
19272,14.09186883588816
19273,9.285027417433227
19274,8.180017794430807
19275,8.608510274799787
19276,7.549349803379107
19277,9.122015746603026
19278,8.655483628950366
19279,10.76084533176879
19280,10.94862847702715
19281,9.975516615964004
19282,12.656537440577418
19283,5.900460354255554
19284,6.395932889655028
19285,8.64438487413578
19286,7.570055293627837
19287,7.651739099858087
19288,11.311321079131694
19289,11.525782846513168
19290,8.291345413872735
19291,8.103073998357544
19292,7.316133557014064
19293,10.291767076717855
19294,10.328947384023474
19295,7.080357482217937
19296,6.230130052837764
19297,11.356202398891305
19298,8.033838513753276
19299,13.9522839023117
19300,7.103657061891713
19301,11.896189240885517
19302,12.761135923730828
19303,15.671183265068112
19304,12.04534294280429
19305,10.216908231386954
19306,11.792695335907663
19307,12.39433126813437
19308,11.669797394859504
19309,11.09979518453166
19310,12.988740132250758
19311,10.470352340574156
19312,9.273336598581766
19313,10.491602802815851
19314,12.307886732676511
19315,9.170329083647276
19316,17.26312790600909
19317,14.148066057131238
19318,13.002660866603675
19319,10.023700457327129
19320,12.951701306579999
19321,8.17659760845612
19322,9.596095481137615
19323,9.546566615670422
19324,10.377025938594123
19325,10.734532521504192
19326,9.219887452946423
19327,7.570055293627837
19328,4.893708347018955
19329,12.197425841910407
19330,11.597141442723666
19331,6.612102143766328
19332,11.03622283074817
19333,11.972637298351009
19334,8.237360277108593
19335,12.148374013582877
19336,7.570055293627837
19337,12.127168260028823
19338,11.994866101740856
19339,11.372890298765817
19340,11.63984319150495
19341,6.02683919727455
19342,10.374820125126117
19343,14.69839153033886
19344,14.586209622374744
19345,6.589417292777233
19346,13.297630535914626
19347,8.311439623549768
19348,11.14720563984321
19349,9.23298188906733
19350,9.146974952262331
19351,10.447739447856932
19352,6.535304573262854
19353,12.265494014030782
19354,10.639491961154409
19355,8.359369838623367
19356,11.578368526072472
19357,7.493202154439644
19358,10.616394715454966
19359,12.44978330339801
19360,9.868753164715661
19361,6.136044135837939
19362,10.903806846467115
19363,7.953067078040141
19364,9.559206778291953
19365,10.690181007018237
19366,10.943578406938217
19367,9.207088714740769
19368,9.504543915841902
19369,7.570055293627837
19370,6.135213873119755
19371,11.581716848700673
19372,9.96062655773322
19373,12.648805832605198
19374,5.028364658270004
19375,9.193334095810917
19376,8.6032246703794
19377,9.962823420731176
19378,8.277106357114738
19379,9.490181544037998
19380,9.85737084457666
19381,10.37029988881316
19382,4.427223296570706
19383,10.079077885373989
19384,8.858467535712565
19385,13.053536977422294
19386,10.831036369940456
19387,6.393230398539988
19388,14.784001197516304
19389,13.219940774120097
19390,9.517939975754919
19391,5.661453108018641
19392,9.97990808749884
19393,6.979430560831736
19394,7.863406737892004
19395,13.570730605316855
19396,11.886714884967613
19397,8.640720353851666
19398,11.061588957606967
19399,9.620894132752923
19400,7.493202154439644
19401,9.856163018004006
19402,10.630284311486367
19403,16.640432397913642
19404,11.956027717035944
19405,7.852599288284019
19406,11.157913651009155
19407,5.380970305027521
19408,8.258065767357321
19409,7.953067078040141
19410,6.78244647743463
19411,7.393685081650227
19412,6.634945666104992
19413,11.589314633706612
19414,10.004449034260162
19415,10.660126052199857
19416,9.89736321791576
19417,14.109017133910093
19418,11.984003563425375
19419,11.486750096014601
19420,11.309182812980374
19421,11.252470064094977
19422,9.446381619795757
19423,10.281305049444061
19424,8.078388881003102
19425,9.307719140039625
19426,7.181322897932981
19427,18.148995489049476
19428,12.179541939722228
19429,8.47592059497526
19430,11.02628287387429
19431,11.18236681548494
19432,9.542853737095054
19433,8.715664986617403
19434,9.57108310332256
19435,10.95498091576277
19436,8.642016260068996
19437,6.612102143766328
19438,10.74267149783834
19439,10.44408257558509
19440,5.675610883007322
19441,5.2605453743092045
19442,14.06705776210405
19443,13.398811728521123
19444,5.661453108018641
19445,14.53421937668552
19446,8.237360277108593
19447,10.536373467362507
19448,9.916945051302037
19449,9.528691723191141
19450,10.651979423249482
19451,11.402997724598395
19452,12.664505893247293
19453,10.401403961214822
19454,8.022354011587494
19455,9.890562652832932
19456,10.540773550229522
19457,14.373208062521128
19458,11.44988145102597
19459,10.478165243142033
19460,7.863406737892004
19461,10.309058922965868
19462,11.645734492151739
19463,6.500534658858735
19464,10.26561502672656
19465,13.59226742678896
19466,10.00185755855218
19467,9.364393921646553
19468,12.439340699920365
19469,14.3964616173579
19470,9.882281746102398
19471,10.074136146381512
19472,7.953067078040141
19473,11.848346183597716
19474,10.717723667023979
19475,7.783847456985788
19476,11.89850626233358
19477,14.43215409174963
19478,10.173231983310226
19479,12.996805544006131
19480,11.613259863087718
19481,7.2581760371211725
19482,7.945800422565087
19483,9.204734015882128
19484,7.919244798331592
19485,8.78041335892007
19486,11.301554883159957
19487,10.234950098607793
19488,8.33240316077798
19489,11.40130238318458
19490,8.022354011587494
19491,10.848962126640153
19492,4.426733001318558
19493,8.885370726025062
19494,9.563285371568032
19495,11.913194748738023
19496,7.570055293627837
19497,7.842701247643274
19498,10.17928027074792
19499,10.257362144483004
19500,10.56155081041949
19501,10.791343559477655
19502,9.525664462016346
19503,14.276145370780903
19504,8.995028518925428
19505,12.42907128673594
19506,6.09010408531932
19507,10.17914394594486
19508,9.278097151170154
19509,15.14678964374573
19510,10.483152705021935
19511,11.206201036577152
19512,9.765129288062088
19513,9.055140281764727
19514,8.977426218187924
19515,9.2173907419364
19516,11.578527610181023
19517,10.765736808915541
19518,10.637674848359666
19519,5.882535252342173
19520,11.27899590606224
19521,7.570055293627837
19522,9.072015573535463
19523,11.174099131776895
19524,10.622388618090836
19525,14.546478563505719
19526,9.381693965710108
19527,7.2581760371211725
19528,12.298761478401211
19529,9.8471831805758
19530,11.548901306872532
19531,10.870143675149407
19532,4.851325140267579
19533,10.01316322533252
19534,11.027763664389218
19535,9.930601075077538
19536,8.510686977394112
19537,6.8460297503474346
19538,15.742542534842247
19539,5.868377477353492
19540,6.212011443623229
19541,6.268925991634409
19542,7.549349803379107
19543,10.355855076844287
19544,8.107341785811377
19545,9.90941750527026
19546,10.496596336350844
19547,11.596738624891335
19548,12.694803583831371
19549,10.081085870176457
19550,10.159253135842553
19551,11.196254197690239
19552,12.91412040200922
19553,14.245403598888421
19554,6.7836564930234236
19555,11.365785641085722
19556,10.746603677938204
19557,9.804902654227705
19558,10.418468106248097
19559,10.755941028999777
19560,15.830967200870782
19561,9.55799130179948
19562,5.041665430688909
19563,8.376403522185841
19564,10.515041508981117
19565,11.976013495351124
19566,5.528927388697476
19567,8.23635348364522
19568,10.312144748054438
19569,7.393685081650227
19570,9.719389803341972
19571,7.570055293627837
19572,7.953067078040141
19573,10.824678748093369
19574,10.063985668773986
19575,12.254188467850266
19576,6.230130052837764
19577,6.999341470337276
19578,13.235095682215201
19579,14.19439846744194
19580,7.973772568288871
19581,12.646021463272103
19582,7.4958429277788
19583,9.497311893460022
19584,10.597039014423709
19585,11.28788113191706
19586,10.421895444781903
19587,11.262936336569533
19588,4.397422146038377
19589,12.220595054415535
19590,11.432721235971664
19591,7.804676882336245
19592,7.339859843351422
19593,9.7751957168901
19594,10.193187170889782
19595,12.11497511393609
19596,8.037993932806057
19597,9.079712032389121
19598,11.298407775706597
19599,8.595334832611686
19600,8.083968117298046
19601,9.377266775953501
19602,9.409424348986573
19603,9.914913834269141
19604,7.651739099858087
19605,11.522809225718403
19606,6.3952071508636825
19607,12.793245691405536
19608,9.530392352621627
19609,11.12514607804041
19610,11.153180847495976
19611,9.240679797776703
19612,15.236284370260858
19613,7.973772568288871
19614,11.283959198617568
19615,13.810538093352015
19616,11.314171472612058
19617,9.949094400522691
19618,7.3625752854389
19619,18.458504554413413
19620,10.418468106248097
19621,10.332745667326787
19622,4.397422146038377
19623,10.031661991160863
19624,14.683802258443459
19625,9.91684653065622
19626,14.3616727227891
19627,9.852464870783088
19628,13.061198556526438
19629,10.415511858992476
19630,6.230130052837764
19631,11.011127675864444
19632,8.928949104739921
19633,10.616160134353526
19634,10.67539225448699
19635,10.48940744551592
19636,14.935800417516793
19637,10.422985259535425
19638,7.393685081650227
19639,9.49723448550619
19640,9.072015573535463
19641,13.68455831300979
19642,10.310858693822176
19643,8.510686977394112
19644,6.191821234373124
19645,9.96218171992067
19646,14.251912170207628
19647,4.426733001318558
19648,11.576824356109448
19649,13.301799818365597
19650,9.151537017702076
19651,8.741738266252657
19652,11.253454925793235
19653,14.079904034067743
19654,4.483050782384202
19655,12.50799106957242
19656,8.727955719521356
19657,9.286352205641991
19658,10.614077559532735
19659,7.570055293627837
19660,11.96170369628294
19661,11.284975855436572
19662,5.6373020645426815
19663,6.965637920619129
19664,4.456534151850888
19665,8.516236835377514
19666,10.196613709921293
19667,11.166037764207799
19668,8.881954565725
19669,8.112049556320242
19670,6.096905054655115
19671,16.896092053421533
19672,10.134566982948783
19673,11.262393907820124
19674,8.093907072109763
19675,8.655483628950366
19676,15.99661406989788
19677,7.651739099858087
19678,6.486124684125259
19679,6.999341470337276
19680,12.434495296776475
19681,11.77098389699985
19682,12.510080753326294
19683,14.095432944534823
19684,14.438600875976261
19685,9.514807597032645
19686,13.25615601093269
19687,5.575463485611658
19688,9.572670612414365
19689,8.688282778692507
19690,8.87668714038617
19691,10.397507893854614
19692,7.393685081650227
19693,9.063790185200999
19694,10.78729699148572
19695,9.388670835846451
19696,9.575633987370233
19697,10.76557120599669
19698,11.546230450477909
19699,10.733073629534173
19700,9.427221833167678
19701,5.6373020645426815
19702,9.075786340576387
19703,8.23635348364522
19704,10.014409972449577
19705,8.827506257969839
19706,10.715359762135396
19707,9.2100370451608
19708,9.906429491123513
19709,8.727955719521356
19710,9.284816108220339
19711,10.231320667574877
19712,10.399216213120981
19713,9.193989371272176
19714,12.414862247757668
19715,10.115664620638938
19716,12.580294189965873
19717,12.037878057062256
19718,11.724619326535535
19719,7.493202154439644
19720,12.346246331276044
19721,12.357650059946273
19722,7.953067078040141
19723,10.007889237940443
19724,4.935394994412768
19725,11.745016524687518
19726,11.627123305225233
19727,9.137272477210526
19728,10.43905488365733
19729,10.295659024622772
19730,9.983028208241228
19731,9.780075770376216
19732,11.933178171194985
19733,11.20428723691348
19734,6.630220752980863
19735,8.987167997087305
19736,11.239168101955586
19737,11.077223541275767
19738,9.97990808749884
19739,7.570055293627837
19740,9.070841615757592
19741,10.355976229638319
19742,11.89192118992425
19743,6.760971642034328
19744,10.218084085549416
19745,10.220731628578115
19746,8.87668714038617
19747,9.101765444472688
19748,9.964335648459393
19749,13.4276028487106
19750,10.687952606910137
19751,7.945800422565087
19752,5.083352078082721
19753,11.307521022633603
19754,9.524641937769813
19755,9.511500118688152
19756,10.25367353468221
19757,9.193334095810917
19758,10.422847659342255
19759,6.7836564930234236
19760,6.999341470337276
19761,6.096905054655115
19762,12.514820532982384
19763,8.94513467199558
19764,14.509165360029995
19765,4.790938393289645
19766,9.749752418483281
19767,6.899824397547857
19768,9.516461043985228
19769,14.298400375608566
19770,6.135213873119755
19771,6.230130052837764
19772,14.634185788667825
19773,7.103657061891713
19774,13.722514345835624
19775,6.899824397547857
19776,8.376403522185841
19777,13.373098403709452
19778,12.771943143730873
19779,7.462092358228317
19780,8.976346755970901
19781,7.257789948835596
19782,9.43388982860949
19783,9.986373929929787
19784,10.093645915999366
19785,17.167181054652204
19786,6.135213873119755
19787,8.93216556354089
19788,7.570055293627837
19789,9.03622639889274
19790,10.048532921259717
19791,9.93173086752962
19792,10.290028157571248
19793,16.405895324603623
19794,6.096905054655115
19795,8.30344007909711
19796,7.549349803379107
19797,12.192312307019588
19798,13.479075945259787
19799,14.387788707709841
19800,12.406085649544572
19801,10.62955801973061
19802,14.34643541266441
19803,10.295897236895017
19804,4.397422146038377
19805,10.973705057300366
19806,10.435643095849485
19807,14.992096326252423
19808,8.950342037861182
19809,10.720227907747873
19810,5.617098226539326
19811,5.360766467024166
19812,10.869351412691984
19813,10.962032879271904
19814,11.26266740348457
19815,10.631100466119937
19816,11.85389051044969
19817,11.567554220355829
19818,7.863406737892004
19819,10.530265144480367
19820,12.08072693972704
19821,9.93173086752962
19822,7.570055293627837
19823,12.433091566228414
19824,9.533535108405196
19825,10.15194216787641
19826,11.313219307345152
19827,9.852757839148252
19828,9.890407707078323
19829,12.708186609825335
19830,11.390383418890272
19831,9.346500217166685
19832,4.542563581416717
19833,13.513543030102175
19834,14.15843985547569
19835,10.630451206223979
19836,9.532464853638627
19837,6.286134307695079
19838,9.936838794865416
19839,7.628012813520728
19840,13.16191054729245
19841,14.509607907413587
19842,6.899824397547857
19843,7.4100178528709195
19844,7.570055293627837
19845,8.348043081996543
19846,4.569080211950031
19847,14.35310330865431
19848,5.4993380520099135
19849,10.456426976724494
19850,9.056935074307319
19851,9.626974551136867
19852,6.612102143766328
19853,8.82741320613217
19854,12.217361557630369
19855,8.912506966940999
19856,7.493202154439644
19857,7.628012813520728
19858,7.953067078040141
19859,13.11805157114915
19860,10.190368678711492
19861,14.401241940885447
19862,10.525453549361162
19863,7.0818058251435625
19864,7.631033609609357
19865,10.279287145614282
19866,8.112049556320242
19867,11.581098792351465
19868,9.884834256857724
19869,10.310161285697534
19870,9.285027417433227
19871,10.49624159355142
19872,11.111199215561841
19873,10.146631344853486
19874,15.406515554033048
19875,12.795966693872332
19876,11.189268655698713
19877,13.426763466174325
19878,6.584880109335312
19879,11.091753395467283
19880,10.244535704684676
19881,10.396767681939274
19882,7.842701247643274
19883,10.560106058951495
19884,8.696395818168513
19885,10.141660371808987
19886,9.01001439201505
19887,9.2496224323518
19888,12.183750306075835
19889,10.152396732264501
19890,14.190068110967921
19891,8.180017794430807
19892,10.356325190216824
19893,10.502585047808779
19894,6.212011443623229
19895,11.014947992519373
19896,12.00036917858351
19897,13.511254746975967
19898,10.668911881769066
19899,11.097487632101428
19900,12.238353138012284
19901,9.524219012087071
19902,13.36225424154774
19903,12.292369805532262
19904,6.517234480336586
19905,8.688282778692507
19906,6.88500110462361
19907,9.721768043128623
19908,6.230130052837764
19909,9.58399086181676
19910,13.31589186132809
19911,9.469379987640258
19912,6.413325760078218
19913,6.9967477168304555
19914,9.575160721934182
19915,7.0818058251435625
19916,10.000548189017696
19917,7.570055293627837
19918,10.43388958490189
19919,11.403176464084261
19920,11.808960945028355
19921,8.400462555712114
19922,9.352306963148603
19923,10.497238117745416
19924,10.75711706618401
19925,6.825193367573361
19926,9.92756681711164
19927,6.558307496565906
19928,12.384155948758172
19929,14.233308907559017
19930,11.891148322403728
19931,8.112049556320242
19932,12.926389240167198
19933,12.942405349031361
19934,9.452543524147467
19935,6.760971642034328
19936,11.553694562909342
19937,8.671729174512159
19938,7.3625752854389
19939,10.758673306684583
19940,11.055596741685605
19941,5.898021081077954
19942,12.731561670266256
19943,10.025915399322615
19944,6.899824397547857
19945,9.12145875478471
19946,7.393685081650227
19947,13.043244681344078
19948,7.493202154439644
19949,11.88023878117716
19950,12.083287048571382
19951,7.3625752854389
19952,10.738563198945018
19953,10.174526240160473
19954,9.254527801615918
19955,10.0234574670975
19956,12.69274403984841
19957,10.257678321574785
19958,13.027063160393679
19959,9.533395067798201
19960,9.362540321784023
19961,8.188724422845857
19962,11.489973846019225
19963,9.32441781574581
19964,12.026553742739642
19965,6.722818103261535
19966,9.572231517886253
19967,10.608918359568825
19968,14.845118586097541
19969,15.101654286105259
19970,11.647742842663206
19971,5.592947183063367
19972,11.192849421220782
19973,10.912677705133312
19974,8.44867625843531
19975,10.513060125678255
19976,8.816707146667058
19977,11.586800477031009
19978,9.898057473660419
19979,10.627645071561693
19980,7.945800422565087
19981,8.33240316077798
19982,9.176678973141758
19983,8.808750694448474
19984,10.44458138990302
19985,12.672885603340005
19986,8.559433951817605
19987,11.413194618601606
19988,8.559433951817605
19989,8.004302906644698
19990,7.570055293627837
19991,8.655483628950366
19992,9.891775776811512
19993,9.825257717298111
19994,11.25021800034916
19995,8.935716848389205
19996,10.190954471076532
19997,4.542563581416717
19998,14.440348575386647
19999,11.065226549836808
20000,7.493202154439644
20001,11.23731426364843
20002,11.441754382862094
20003,9.748208398406238
20004,11.885780403664597
20005,6.191821234373124
20006,10.430411965820308
20007,13.357373060946795
20008,9.49723448550619
20009,15.687664956635663
20010,12.329388406502629
20011,12.690383100875682
20012,10.869346561014215
20013,10.731341775074245
20014,8.559433951817605
20015,9.779860689698511
20016,8.112014257360455
20017,10.893264530111583
20018,10.99248360900608
20019,12.512698933550924
20020,11.097518512898043
20021,11.273384513535712
20022,9.678240815362816
20023,6.612102143766328
20024,7.549349803379107
20025,9.382407246912761
20026,7.462092358228317
20027,11.77098389699985
20028,12.552399805805823
20029,11.114859117972165
20030,12.693324547811793
20031,5.661453108018641
20032,8.787799851481926
20033,10.898540833324692
20034,9.966524942911613
20035,9.912481760825662
20036,6.999341470337276
20037,9.440457820630723
20038,9.453041522111205
20039,6.597871296332104
20040,9.86792946460335
20041,7.651739099858087
20042,11.225253799408234
20043,5.072719539749318
20044,11.816193553782211
20045,6.3952071508636825
20046,13.589756587100398
20047,11.002684780916441
20048,8.179732147017642
20049,8.35873854441807
20050,12.67124199286264
20051,6.395932889655028
20052,12.173291659937654
20053,10.12412225613759
20054,9.924967585067783
20055,12.170473755476415
20056,9.063790185200999
20057,12.238872548763798
20058,9.563285371568032
20059,11.641104118967313
20060,6.318409580360209
20061,7.631033609609357
20062,7.334343537858007
20063,10.292396785532736
20064,17.926096906520733
20065,10.275480076211652
20066,8.169792858108638
20067,7.6369727602174615
20068,7.198413119237129
20069,10.208648609450707
20070,9.499384394477023
20071,10.352455697250315
20072,9.394429663767832
20073,9.880448233069222
20074,10.615519907856914
20075,9.144001781591236
20076,8.47450638205348
20077,9.431777183949997
20078,6.651819608433883
20079,6.135213873119755
20080,6.541338119062365
20081,9.875868788142943
20082,6.584880109335312
20083,11.700513008853063
20084,8.432947399417005
20085,12.98985035937028
20086,8.144159142827524
20087,11.325571535853793
20088,13.358933154493283
20089,6.86871460133653
20090,9.204373613310883
20091,10.240999816586617
20092,10.390468222877555
20093,11.121072966288265
20094,9.687915635604785
20095,6.760971642034328
20096,6.899824397547857
20097,9.9623227179925
20098,10.904138940338827
20099,8.186409579273201
20100,11.8103159078938
20101,10.118922617810338
20102,7.277517177125794
20103,10.428712587910438
20104,12.338373135396498
20105,6.446421939344356
20106,12.441067568232668
20107,10.093072982591197
20108,7.628012813520728
20109,6.462099086726262
20110,14.49409701716713
20111,6.135213873119755
20112,12.406085649544572
20113,8.7566900552706
20114,10.97279558902723
20115,10.6577725233637
20116,13.938192225918844
20117,10.567100701927366
20118,10.867861632369397
20119,7.549349803379107
20120,11.587724202380457
20121,9.797099747107108
20122,12.756472732254862
20123,9.285576673063137
20124,10.984123701725855
20125,10.06253298034494
20126,7.393685081650227
20127,10.449846604998472
20128,10.412361851533554
20129,12.264612221415602
20130,6.121056098131074
20131,10.016418021696843
20132,7.631033609609357
20133,10.590277491174282
20134,15.9700944955622
20135,9.344293690804381
20136,9.621115543436321
20137,6.747980455037537
20138,11.874921682602139
20139,9.542853737095054
20140,9.622983379611915
20141,9.834125168402968
20142,10.188356827127386
20143,9.975837951892137
20144,5.661453108018641
20145,10.613903122204727
20146,10.103561360771996
20147,12.576649819972609
20148,11.03133554498375
20149,7.651739099858087
20150,8.99007177660647
20151,9.053484308445505
20152,11.580101128208538
20153,10.389820632607304
20154,10.944405094424992
20155,10.526926259168025
20156,12.290183041075665
20157,10.13327399486617
20158,18.148995489049476
20159,13.231053551560418
20160,9.995598829003574
20161,11.799054989894483
20162,5.028364658270004
20163,7.0818058251435625
20164,11.444009472998802
20165,9.131035988053803
20166,5.380970305027521
20167,6.566761500120777
20168,8.00414924174334
20169,8.595334832611686
20170,9.084847592415827
20171,6.597871296332104
20172,7.6369727602174615
20173,16.329458655325404
20174,11.91431007706812
20175,6.999341470337276
20176,8.258065767357321
20177,5.6373020645426815
20178,9.281971211051058
20179,9.487656738976057
20180,10.140496629904456
20181,7.493202154439644
20182,9.101765444472688
20183,8.258065767357321
20184,10.818184103739894
20185,14.919698418568505
20186,6.612102143766328
20187,16.50723877392536
20188,5.360766467024166
20189,10.571493762183435
20190,8.179732147017642
20191,12.043547709780583
20192,10.048556341248702
20193,10.680655169133841
20194,6.7836564930234236
20195,11.164280989967555
20196,9.092721063784191
20197,15.72500168310594
20198,9.221981519377238
20199,14.357215509145638
20200,10.390453195748787
20201,11.6654970495406
20202,6.78244647743463
20203,9.527362629872039
20204,9.873373651457538
20205,8.687618846554994
20206,11.509492605013778
20207,11.165229947945333
20208,12.898775506644153
20209,8.982355233387326
20210,10.920411831288424
20211,11.463256639937526
20212,8.827377992608692
20213,8.870612403292885
20214,7.493202154439644
20215,7.4976010766096355
20216,11.551257605947029
20217,9.78774770098355
20218,10.755422951998751
20219,8.166724522821616
20220,10.96771567943398
20221,9.157833375574217
20222,10.64700524564749
20223,12.051801242781707
20224,11.319731219999307
20225,10.863895400700601
20226,10.683038331507237
20227,10.150715938728686
20228,9.787180203871985
20229,9.284454355840253
20230,15.458931208776693
20231,7.923831999507392
20232,6.191821234373124
20233,5.75636928773665
20234,6.541338119062365
20235,9.106647282112553
20236,10.435021280758082
20237,7.493202154439644
20238,9.260507887879216
20239,9.808827402608074
20240,9.563285371568032
20241,9.721768043128623
20242,8.38678468448048
20243,10.035115462698306
20244,8.926323425785302
20245,10.229082957170407
20246,10.253878020782595
20247,7.493202154439644
20248,9.161859473109896
20249,14.70474600696081
20250,11.93294214079219
20251,11.966119428946682
20252,10.451608149658696
20253,10.641193367070274
20254,9.876516166367976
20255,10.788684526783824
20256,10.446023690555313
20257,8.655483628950366
20258,11.865467797429694
20259,11.361808027091728
20260,14.012710605045697
20261,13.040600525268044
20262,6.121755376992559
20263,10.258052229371446
20264,10.878661834300983
20265,11.433068106613298
20266,4.426733001318558
20267,10.483454252991434
20268,12.24992708261624
20269,9.802233174823384
20270,10.897816199968075
20271,9.808827402608074
20272,11.570779403440516
20273,10.947697630904681
20274,10.233704980788248
20275,10.448357729967087
20276,12.127312448825366
20277,9.922214164269182
20278,11.15133783330023
20279,10.760599733686306
20280,9.884911045634093
20281,10.656008149872047
20282,7.570055293627837
20283,14.15843985547569
20284,10.007144511121071
20285,8.910000705787409
20286,9.581612112842313
20287,14.955693787767865
20288,7.570055293627837
20289,13.26835111754471
20290,8.894385736604667
20291,8.083968117298046
20292,10.18039170522119
20293,11.672650676063137
20294,9.309253007455562
20295,7.493202154439644
20296,9.885572629182972
20297,15.152460172796655
20298,8.866339596542257
20299,5.191726753927928
20300,9.205444530601087
20301,7.570055293627837
20302,5.482441915288278
20303,12.468931261444675
20304,6.121056098131074
20305,11.231862315576258
20306,10.217294167415169
20307,6.801775102237959
20308,11.160899386147742
20309,9.841944168655818
20310,14.490164474128905
20311,13.153872612374354
20312,7.393685081650227
20313,14.942499892120768
20314,8.687618846554994
20315,7.863406737892004
20316,11.108496613122817
20317,11.233234802684237
20318,12.179329930914736
20319,5.678602172915939
20320,9.90895037861606
20321,9.137622889949466
20322,11.301967784888625
20323,10.626084933736292
20324,10.720882320771521
20325,8.219957760613195
20326,12.328283863081545
20327,7.393685081650227
20328,5.405121348503481
20329,5.661453108018641
20330,11.983308550857656
20331,10.321849790032001
20332,13.09635041451127
20333,15.054312085514438
20334,11.227055514418055
20335,7.493202154439644
20336,6.812202180576569
20337,11.103917148268351
20338,11.10244461519905
20339,10.961075609691564
20340,4.397422146038377
20341,10.48354345652549
20342,14.539369812527026
20343,8.655483628950366
20344,6.3751117893254525
20345,9.462374835492827
20346,11.4789502147094
20347,4.397422146038377
20348,9.324601019794192
20349,9.130843512769982
20350,11.449398001434663
20351,8.562170025743308
20352,11.024889386975895
20353,10.356284184392292
20354,7.651739099858087
20355,10.197667012541485
20356,9.727775407179749
20357,10.800669920777196
20358,11.152930531885097
20359,12.84884207496378
20360,10.032948371430233
20361,15.757553686774171
20362,10.024702269926776
20363,7.570055293627837
20364,4.893708347018955
20365,10.352841655475707
20366,13.71278294822173
20367,11.9293262525254
20368,11.072669711937282
20369,6.135213873119755
20370,10.41848119915694
20371,11.469578152813977
20372,6.576426105780441
20373,5.528927388697476
20374,11.728852706897047
20375,10.884958016790575
20376,14.074074423484356
20377,9.96501987941459
20378,9.663499848281822
20379,12.635514539189217
20380,10.696447786508449
20381,11.829139558470617
20382,7.788570915380059
20383,7.973772568288871
20384,11.531465998169082
20385,11.814565422281813
20386,9.558333760020504
20387,13.217199248565818
20388,9.241864464249955
20389,10.417906188049368
20390,7.863406737892004
20391,11.2692228780869
20392,7.945800422565087
20393,10.764696710514011
20394,8.359369838623367
20395,12.397083849964197
20396,12.91266857715613
20397,10.837547660619537
20398,12.658708471446456
20399,10.506628132605842
20400,5.336615423548206
20401,8.47450638205348
20402,6.649225029827483
20403,8.691116224118717
20404,12.625971208737903
20405,15.67288630847122
20406,6.801775102237959
20407,8.87668714038617
20408,12.277372006234378
20409,10.043573190241162
20410,9.93173086752962
20411,10.466321962333726
20412,10.551849604332668
20413,9.070841615757592
20414,9.853766141901728
20415,7.334343537858007
20416,8.82741320613217
20417,9.97088171663184
20418,13.301865028696966
20419,10.116024196212244
20420,7.493202154439644
20421,7.493202154439644
20422,16.696392938483996
20423,10.613667780580021
20424,13.571032510546123
20425,10.93955259488353
20426,11.044646770840513
20427,13.734247189994198
20428,10.10502154110645
20429,7.651739099858087
20430,9.055140281764727
20431,8.534945797669636
20432,9.749752418483281
20433,8.180017794430807
20434,9.142282943584867
20435,8.559433951817605
20436,7.277517177125794
20437,9.243650072928183
20438,4.456534151850888
20439,8.14855146839371
20440,7.627694982122174
20441,9.58399086181676
20442,10.513060125678255
20443,10.28315278090003
20444,11.902511772976206
20445,11.483005970485534
20446,11.487622988438266
20447,9.083186421827136
20448,10.240551211960241
20449,9.914286989946728
20450,11.616122144129683
20451,9.125257447599182
20452,5.6555445265588355
20453,7.570055293627837
20454,11.8784580143999
20455,19.21711729489126
20456,9.67427906107081
20457,11.729841588462824
20458,7.953067078040141
20459,7.549349803379107
20460,8.078388881003102
20461,9.75001752443338
20462,9.563285371568032
20463,10.161740486961794
20464,4.759420502371361
20465,10.943313502933936
20466,8.600139456270636
20467,8.321935316533555
20468,9.03622639889274
20469,9.394429663767832
20470,8.836302677959084
20471,7.181322897932981
20472,9.362303184314413
20473,10.239627934754068
20474,9.388670835846451
20475,10.791283177402509
20476,10.326622100041583
20477,6.584880109335312
20478,9.555124392505796
20479,7.863406737892004
20480,11.246723406816349
20481,7.842701247643274
20482,8.82741320613217
20483,10.115197164238488
20484,6.8147662892347505
20485,11.03622283074817
20486,12.202955545228898
20487,11.906037347375625
20488,11.0150341677093
20489,9.639963429990319
20490,8.38678468448048
20491,10.565857755330955
20492,8.956422338637934
20493,6.3952071508636825
20494,6.623850233775925
20495,7.1059628278687015
20496,10.418581122923745
20497,11.283959198617568
20498,9.344049224753373
20499,10.169128055621037
20500,9.2496224323518
20501,8.87668714038617
20502,10.684941811349823
20503,10.218078356522488
20504,6.298314218821979
20505,14.153164357904867
20506,8.580139442066333
20507,14.834896187710287
20508,10.815295298628827
20509,12.579915848336784
20510,13.848056044366045
20511,10.171356745668731
20512,9.595302395754842
20513,11.474563230419362
20514,11.218112238543881
20515,7.181322897932981
20516,12.01674417192525
20517,11.260514578761637
20518,9.94945935173073
20519,10.890959377761403
20520,6.999341470337276
20521,12.316826787954652
20522,6.413325760078218
20523,12.012191509000857
20524,9.394429663767832
20525,9.626660143362303
20526,11.77267726876206
20527,7.393685081650227
20528,4.819807249349295
20529,12.044389670240466
20530,11.108270479811754
20531,10.63554243412943
20532,11.61443875853644
20533,10.328924263629968
20534,12.162240372655003
20535,9.95347135841831
20536,10.49608647428074
20537,10.308506701711469
20538,11.965730533468301
20539,15.654228169916141
20540,11.553004543429871
20541,6.576426105780441
20542,15.265284645932422
20543,11.393715234250735
20544,6.135213873119755
20545,9.154409990664421
20546,9.794074280104788
20547,10.615519907856914
20548,13.648442749578859
20549,15.693027661854993
20550,8.33240316077798
20551,9.530890350585365
20552,13.439706193885247
20553,17.319855712667177
20554,11.457721556005437
20555,10.654446668810806
20556,8.510686977394112
20557,12.784181738562987
20558,11.108496613122817
20559,9.254895504559961
20560,11.057511553284675
20561,10.744336289753853
20562,13.549955990987533
20563,11.519617709807337
20564,10.40200791394301
20565,7.628012813520728
20566,6.899824397547857
20567,10.737252504886168
20568,11.970995606592961
20569,10.435264966426661
20570,5.360766467024166
20571,13.066506665067331
20572,10.005262263066209
20573,9.040796212453065
20574,11.635771761213263
20575,8.773009032121072
20576,10.817970922156565
20577,4.397422146038377
20578,14.462592187288093
20579,11.412060843135826
20580,12.146640151860085
20581,9.971703370740965
20582,12.302538616537376
20583,8.994667416256265
20584,8.078388881003102
20585,11.400088592789073
20586,4.53976935666985
20587,5.661453108018641
20588,11.157380854843131
20589,7.393685081650227
20590,6.215972277849083
20591,11.932813227303912
20592,14.83891337690307
20593,9.453041522111205
20594,9.877766829044074
20595,8.852459322701153
20596,6.612102143766328
20597,14.724096445268193
20598,11.457372205128058
20599,7.0818058251435625
20600,7.472062213503866
20601,11.550499899022002
20602,13.002895266620655
20603,8.797079874051219
20604,9.840112447226435
20605,12.078957275525447
20606,11.674003311588498
20607,10.313555381346703
20608,9.852464870783088
20609,10.300889372248811
20610,4.779766484929882
20611,12.16059612891254
20612,7.393685081650227
20613,15.966963211783256
20614,11.591169516855334
20615,7.628012813520728
20616,10.426465602491056
20617,7.393685081650227
20618,12.356287244468694
20619,5.041665430688909
20620,10.254436002881336
20621,12.010872579331187
20622,8.827506257969839
20623,6.576426105780441
20624,14.040668552177427
20625,9.588628976720411
20626,9.781527684574655
20627,12.91525328745588
20628,9.856163018004006
20629,13.117490230117566
20630,9.4325805187172
20631,12.294011787918926
20632,10.398937074677537
20633,5.6373020645426815
20634,13.25066570765416
20635,11.659257897210612
20636,14.726233560740036
20637,8.25095763140908
20638,11.164458187954807
20639,9.339621158431024
20640,9.274617324385058
20641,8.595334832611686
20642,10.367160342813138
20643,12.803885504835561
20644,11.89063902675546
20645,9.797301117690832
20646,8.545879492223566
20647,5.284696417785164
20648,6.672830496968743
20649,11.017047169862039
20650,12.479383497203257
20651,11.090421378102176
20652,11.227098744640664
20653,14.474861037180927
20654,4.703368056597625
20655,8.237360277108593
20656,11.198124765263882
20657,12.580131148786233
20658,6.135213873119755
20659,12.246573780062162
20660,10.840365699375447
20661,6.794083571362034
20662,13.188031817302729
20663,9.453041522111205
20664,5.553078432173436
20665,10.273204963787888
20666,9.453041522111205
20667,9.145904697495762
20668,8.909097012362421
20669,9.220949344490576
20670,9.151537017702076
20671,9.174996170786427
20672,7.973772568288871
20673,9.738608948619225
20674,7.570055293627837
20675,15.125415767642492
20676,12.641750071680997
20677,10.459296771005105
20678,14.459085095929984
20679,9.310752071629787
20680,9.03622639889274
20681,8.808768226698641
20682,9.762484530242256
20683,10.33294676817519
20684,7.393685081650227
20685,10.750928359988254
20686,6.135213873119755
20687,6.558307496565906
20688,13.12753030669376
20689,7.277517177125794
20690,5.992937260795963
20691,12.050001882058119
20692,11.005438489022769
20693,11.117361131031375
20694,10.077502193460756
20695,9.813604328405043
20696,10.006707603074044
20697,14.623967320676561
20698,9.93012985343111
20699,8.65717298248118
20700,12.330390972491324
20701,7.651739099858087
20702,10.92694107087292
20703,9.695750638381604
20704,8.359369838623367
20705,9.393469860458032
20706,7.570055293627837
20707,11.243209778699967
20708,10.121999898973874
20709,7.493202154439644
20710,17.20128745215058
20711,12.153890134336306
20712,10.634439701751342
20713,9.834125168402968
20714,11.833526220337923
20715,10.7701711449408
20716,11.984817840825656
20717,12.545756380141905
20718,4.426733001318558
20719,9.378569131919223
20720,11.456482735698438
20721,10.037432921855917
20722,11.694661887715599
20723,11.741370684754939
20724,4.542563581416717
20725,9.867436663691425
20726,10.269872146057148
20727,9.974824399487511
20728,10.032092721096678
20729,14.156782058489076
20730,12.213362070041931
20731,13.101575621356254
20732,7.050696028932236
20733,10.739506709690518
20734,13.190134487823252
20735,11.12292180086744
20736,9.66697701092881
20737,13.893414853246075
20738,6.490849069373037
20739,9.609400537145419
20740,6.9967477168304555
20741,13.549891348983403
20742,10.604090140929808
20743,10.680945213571583
20744,8.359369838623367
20745,12.60555358025073
20746,10.177881866443771
20747,10.929399812960746
20748,8.523478910690262
20749,10.12522133309468
20750,11.694661887715599
20751,11.471006756303462
20752,16.420708771876114
20753,6.576426105780441
20754,7.334343537858007
20755,10.459296771005105
20756,10.303357855945995
20757,7.6369727602174615
20758,10.37088570751459
20759,9.650729848680681
20760,6.375016941613577
20761,8.82741320613217
20762,7.222724285085682
20763,12.711660659015962
20764,6.02683919727455
20765,6.589417292777233
20766,8.981483619601407
20767,11.004439321480973
20768,9.981033142520014
20769,10.800669920777196
20770,10.60207133124394
20771,14.084063517066225
20772,9.394429663767832
20773,5.617098226539326
20774,9.252664862869825
20775,9.928814631490692
20776,8.022354011587494
20777,9.528312975559182
20778,9.970930733055233
20779,9.173283881023448
20780,14.680540612998527
20781,7.050696028932236
20782,10.40917088003637
20783,8.237360277108593
20784,14.882885314656745
20785,6.566761500120777
20786,11.004756230141687
20787,11.302765277548719
20788,9.515458302998079
20789,9.441333847577848
20790,14.017420023791475
20791,12.119171795854268
20792,8.475642936280696
20793,10.587590600231264
20794,11.153204129745276
20795,10.127364108107315
20796,11.573585141598347
20797,16.164956250804277
20798,11.726004179078673
20799,11.92257522570384
20800,7.0761946095254675
20801,6.3952071508636825
20802,12.841656382325985
20803,11.01139515500459
20804,14.137693305355587
20805,11.27994026420992
20806,10.670589979010348
20807,11.249367233227279
20808,11.448321493556909
20809,13.234177322178294
20810,7.953067078040141
20811,11.174785527421038
20812,12.057028433619763
20813,7.134152129418359
20814,9.218196178173738
20815,10.319636359836469
20816,14.230022836860671
20817,6.728834751826057
20818,11.632162284400183
20819,4.790938393289645
20820,9.443618588732695
20821,13.36354836037212
20822,11.977791240942295
20823,7.628012813520728
20824,10.218020920235842
20825,9.336831839155563
20826,12.621417072385318
20827,11.168960731642366
20828,8.939109169454179
20829,6.32444312615972
20830,7.0818058251435625
20831,12.40604512269287
20832,10.42290636008637
20833,6.794083571362034
20834,10.075730625507033
20835,7.628012813520728
20836,12.078992755883739
20837,8.432947399417005
20838,14.265262732489925
20839,11.115776950547954
20840,9.207088714740769
20841,10.56155081041949
20842,10.05837239512526
20843,8.169792858108638
20844,11.281223936683265
20845,14.50113473673541
20846,11.144169003757423
20847,10.499497201523424
20848,11.050743864489686
20849,11.05074040081756
20850,11.704390309878397
20851,12.519369470358964
20852,5.710611616418553
20853,6.801775102237959
20854,7.277517177125794
20855,6.984709753475411
20856,7.0818058251435625
20857,11.408005640061937
20858,7.570055293627837
20859,4.513252726136535
20860,15.32013958594165
20861,11.124681013145564
20862,12.768561849761573
20863,8.276511466102626
20864,8.277106357114738
20865,8.40015438396311
20866,10.525531907475493
20867,16.531185990446684
20868,7.842701247643274
20869,10.542593744271405
20870,10.65938353347221
20871,10.046547681127567
20872,10.717723667023979
20873,4.513252726136535
20874,9.407574145358053
20875,10.4259440686101
20876,11.024320505495629
20877,8.33240316077798
20878,10.173719776985815
20879,9.98209642098849
20880,10.874683665342568
20881,6.486124684125259
20882,13.711719355542497
20883,11.998930780850303
20884,12.084963185433349
20885,6.8147662892347505
20886,6.999341470337276
20887,11.739600954093024
20888,5.6373020645426815
20889,6.413325760078218
20890,10.18039170522119
20891,7.549349803379107
20892,10.703290922702607
20893,14.410925683951218
20894,6.886833210551065
20895,11.122643405508825
20896,7.393685081650227
20897,11.795723937235513
20898,6.597871296332104
20899,11.305519022751353
20900,10.44458138990302
20901,8.932722009801779
20902,10.17050591421953
20903,8.258065767357321
20904,8.46082138391046
20905,10.671019683892485
20906,10.798621729695705
20907,14.008441637225777
20908,8.905617935536574
20909,12.050001882058119
20910,10.19308541257879
20911,11.274516214040956
20912,8.258065767357321
20913,8.655483628950366
20914,9.180422536740762
20915,6.899824397547857
20916,12.869196268532814
20917,6.135213873119755
20918,7.576903277346142
20919,7.393685081650227
20920,10.291806134441403
20921,9.762484530242256
20922,8.144159142827524
20923,9.582941846192108
20924,9.359820039525218
20925,11.947481321447578
20926,10.757800738098139
20927,12.34185481195863
20928,8.302681396119839
20929,7.319154353102692
20930,6.968231674125949
20931,9.51475936959115
20932,7.181322897932981
20933,11.095455177266409
20934,9.388670835846451
20935,11.107921644968766
20936,10.744192132485635
20937,11.818713462803489
20938,4.426733001318558
20939,9.992888372587664
20940,10.54348039597931
20941,7.493202154439644
20942,7.570055293627837
20943,12.009596178504282
20944,10.50762263239404
20945,13.38482578374807
20946,8.71458552440038
20947,6.395932889655028
20948,9.276103043422328
20949,6.760971642034328
20950,9.504543915841902
20951,10.731510608335155
20952,12.655923231322598
20953,6.86871460133653
20954,9.435013708212269
20955,11.965146646644467
20956,9.247833150411067
20957,11.31747411604012
20958,6.612102143766328
20959,6.999341470337276
20960,11.196105964393395
20961,10.28462186557896
20962,11.382832879784464
20963,10.376172450165932
20964,9.286352205641991
20965,11.506818951314616
20966,11.48735939986704
20967,10.532271274665478
20968,8.871915696563164
20969,8.629130026434588
20970,13.935655061505674
20971,7.549349803379107
20972,10.331586513492635
20973,10.512938324233145
20974,10.894435184135148
20975,9.889964460331766
20976,10.129316094664727
20977,8.23635348364522
20978,12.121217313253632
20979,9.054970957002302
20980,8.078388881003102
20981,9.607305310317596
20982,8.806707715883443
20983,10.51587670830114
20984,11.211701936211982
20985,9.319432349668078
20986,4.427223296570706
20987,9.666756030008687
20988,4.397422146038377
20989,12.463503758101028
20990,12.945166382277517
20991,9.259622039580702
20992,9.976178994652937
20993,17.17244602646466
20994,6.7298618458230015
20995,5.661453108018641
20996,7.570055293627837
20997,7.649963947214253
20998,11.028278181163692
20999,11.285804931220234
21000,10.566693629145126
21001,12.329644391278636
21002,7.493202154439644
21003,8.827377992608692
21004,11.002684780916441
21005,9.092721063784191
21006,11.331064650993024
21007,6.584880109335312
21008,9.795543889996848
21009,10.091339343186913
21010,13.230179052538709
21011,7.0761946095254675
21012,5.40772526589808
21013,14.779201596032355
21014,10.400624098452294
21015,9.371197786807663
21016,10.418581122923745
21017,10.717644869993777
21018,11.668662575485447
21019,8.787799851481926
21020,10.961433965970098
21021,5.072719539749318
21022,8.545879492223566
21023,8.15761462663453
21024,7.493202154439644
21025,13.656399409893245
21026,7.950354594542919
21027,10.209339020262629
21028,6.801775102237959
21029,11.586768690749288
21030,9.660113766614073
21031,5.528927388697476
21032,12.371028802663602
21033,5.661453108018641
21034,6.566761500120777
21035,8.103073998357544
21036,8.977426218187924
21037,6.71728600085856
21038,8.022354011587494
21039,7.570055293627837
21040,4.562909563975238
21041,16.580342831785693
21042,11.445774581534847
21043,9.028519807732028
21044,5.75636928773665
21045,11.210315367894118
21046,9.579193565217873
21047,11.196254197690239
21048,14.776886946971986
21049,5.6373020645426815
21050,11.280066956623012
21051,13.133305075856628
21052,7.3625752854389
21053,5.405121348503481
21054,8.696395818168513
21055,11.06095717999213
21056,10.406681363006093
21057,8.961649743138597
21058,6.44702504574041
21059,11.751772011762238
21060,11.547666509753297
21061,10.819582970412345
21062,11.6743031814636
21063,10.115197164238488
21064,12.48663964536633
21065,7.393685081650227
21066,11.269073393765575
21067,6.9967477168304555
21068,6.86871460133653
21069,13.732963999455762
21070,10.530265144480367
21071,11.331447495689044
21072,11.630944616721514
21073,6.899824397547857
21074,6.566761500120777
21075,9.162980889017643
21076,8.944867063386873
21077,10.791880666231089
21078,10.719120965186358
21079,6.465042879048917
21080,8.617418196290393
21081,12.186098018760832
21082,11.129720740796973
21083,9.852464870783088
21084,7.945800422565087
21085,11.082310851975345
21086,7.627694982122174
21087,9.101765444472688
21088,8.696395818168513
21089,9.611383936879356
21090,12.501300313754296
21091,9.179615926702937
21092,7.549349803379107
21093,12.694421171742555
21094,13.162644242694501
21095,10.94481087669112
21096,8.82741320613217
21097,7.651739099858087
21098,8.595334832611686
21099,10.15684508385317
21100,9.112824238334158
21101,7.9981920224603495
21102,9.645273100553503
21103,12.461251838171428
21104,9.207088714740769
21105,10.914983191165716
21106,11.252037182656029
21107,10.20852701280653
21108,13.58606786527309
21109,10.395062940825458
21110,6.68033482603881
21111,11.03622283074817
21112,6.135213873119755
21113,8.899732175033382
21114,10.610298875754149
21115,8.629739764846537
21116,7.393685081650227
21117,11.133696308735804
21118,6.0834465585279185
21119,9.8485940668557
21120,7.334343537858007
21121,4.397422146038377
21122,4.562909563975238
21123,6.999341470337276
21124,9.534049483702187
21125,10.009212668168962
21126,9.974824399487511
21127,12.402096348691174
21128,9.045344496042695
21129,11.230890519360917
21130,10.413373921887107
21131,10.159006813911647
21132,7.973772568288871
21133,11.064790269101985
21134,10.293210445568397
21135,9.497959899803698
21136,10.898320813161995
21137,5.32032685927955
21138,7.0818058251435625
21139,12.710909095133886
21140,8.905617935536574
21141,12.360203151311682
21142,12.769330566772963
21143,7.134152129418359
21144,11.922961476148439
21145,9.30792101845138
21146,11.406829327420642
21147,8.38678468448048
21148,10.582058291888686
21149,10.37765015621764
21150,7.863406737892004
21151,10.708966162814075
21152,10.523713736243494
21153,9.35978341117662
21154,10.258720909535315
21155,9.240679797776703
21156,10.835658633924917
21157,13.35459548621892
21158,7.570055293627837
21159,6.899824397547857
21160,10.648657335193619
21161,17.01541616026112
21162,9.653377118903235
21163,12.878441494584658
21164,11.302895246278716
21165,12.3742609233679
21166,15.058048509501889
21167,8.910000705787409
21168,11.155586301176843
21169,7.493202154439644
21170,9.663499848281822
21171,9.514807597032645
21172,11.251140596982342
21173,10.088382824234435
21174,13.478298520928508
21175,9.524641937769813
21176,9.97521204638992
21177,12.081067928444503
21178,11.8505647307078
21179,6.413325760078218
21180,12.38775851087122
21181,10.025915399322615
21182,10.541446608133128
21183,12.21069978721956
21184,10.447565934094886
21185,10.875650594505522
21186,10.878518749251356
21187,10.345110346332442
21188,6.51547555793072
21189,9.185879515636627
21190,10.187765376913957
21191,9.802233174823384
21192,9.689016351265323
21193,10.145516240138383
21194,13.202192856409743
21195,11.621322849253053
21196,7.493202154439644
21197,13.312286581528396
21198,8.981483619601407
21199,10.431321345830746
21200,6.566761500120777
21201,10.228992616530784
21202,10.439356650971792
21203,9.611549244267476
21204,10.483200933854375
21205,11.315150993362131
21206,9.347111853209976
21207,9.673290227433329
21208,16.17920005317292
21209,11.031983274962858
21210,10.34181621807898
21211,12.257703551790225
21212,9.055140281764727
21213,14.703836089068437
21214,10.455433502121952
21215,9.402914668151993
21216,10.842167606759991
21217,10.05423211030626
21218,7.570055293627837
21219,12.05227604556957
21220,6.469424862647408
21221,10.163260074262706
21222,12.631441309724025
21223,7.493202154439644
21224,10.262903680743936
21225,9.01001439201505
21226,11.611703015992882
21227,10.636520087142056
21228,8.035412702856025
21229,5.844226433877532
21230,5.220676623419272
21231,13.280135653946248
21232,11.178733470873718
21233,12.792728326014737
21234,8.33240316077798
21235,14.427984224881719
21236,10.750401167139213
21237,7.991158054746549
21238,9.777066508449584
21239,14.419627873040467
21240,10.4918095169516
21241,7.852599288284019
21242,9.475470595778006
21243,8.164864633076252
21244,9.489084671725594
21245,9.596689126300435
21246,17.63159000984789
21247,10.601286282120984
21248,9.091302755146609
21249,10.590802652688275
21250,8.590211770627967
21251,11.112409249282646
21252,13.886486463845838
21253,8.809568258403813
21254,10.642429256459238
21255,10.173438408498354
21256,4.600598102868315
21257,11.77206532854202
21258,13.929296111120687
21259,14.83357414792913
21260,10.925992733782605
21261,12.560082790962394
21262,10.513060125678255
21263,9.00439289603331
21264,10.002610699322739
21265,10.2204561805822
21266,16.447074174186938
21267,11.775969028034257
21268,9.530890350585365
21269,12.690122034515287
21270,10.661657881216358
21271,11.351598292158972
21272,11.172812259478667
21273,6.342138242454606
21274,4.779811951837858
21275,11.755832448953944
21276,6.78244647743463
21277,9.882281746102398
21278,6.135213873119755
21279,10.335210972957164
21280,10.679135110595144
21281,9.584390181872026
21282,11.002684780916441
21283,6.191821234373124
21284,13.157731828006401
21285,9.495144225628618
21286,14.383451832414938
21287,7.549349803379107
21288,6.8147662892347505
21289,9.930548507424145
21290,9.749020368387175
21291,9.81629670189003
21292,8.33240316077798
21293,9.863024794689771
21294,9.52418304609233
21295,10.236067402156484
21296,4.542563581416717
21297,11.661223526370598
21298,13.542800127824417
21299,8.797297055116662
21300,11.404631279381114
21301,8.090028810564307
21302,11.418162394539205
21303,6.999341470337276
21304,9.614501598881864
21305,10.377296302800625
21306,10.246346904104497
21307,12.934147468326515
21308,6.612102143766328
21309,13.514723240968959
21310,7.393685081650227
21311,11.015669219859621
21312,8.82741320613217
21313,6.585162142694992
21314,10.043573190241162
21315,11.908658371274896
21316,9.221981519377238
21317,8.915604964485503
21318,10.63260050430323
21319,15.564097811573548
21320,8.4433513367539
21321,7.842701247643274
21322,5.878882113604597
21323,12.132971433157302
21324,7.2581760371211725
21325,8.48308119067016
21326,11.282887089953116
21327,15.961765754253962
21328,15.816489548051747
21329,9.850329597693083
21330,9.81341967815424
21331,15.156887609747878
21332,10.12522133309468
21333,6.450144946551167
21334,12.0558451754271
21335,6.760971642034328
21336,11.296158289268702
21337,11.03622283074817
21338,8.748129596112461
21339,10.341501067110215
21340,7.731173610278146
21341,9.912992641359644
21342,11.234179430355608
21343,13.504046527353825
21344,10.050223075487928
21345,11.256023481342702
21346,10.601815210326476
21347,11.995931790947395
21348,11.718908429679596
21349,14.864074502009771
21350,11.863772133786348
21351,13.403361674404819
21352,10.730400686620767
21353,10.016418021696843
21354,13.90155481031757
21355,12.699541087403578
21356,10.61979724657395
21357,7.493202154439644
21358,11.342548926503108
21359,10.64237303175133
21360,5.607712727855119
21361,8.180017794430807
21362,7.0818058251435625
21363,8.124719329109846
21364,7.549349803379107
21365,13.237565877914959
21366,15.458931208776693
21367,13.021383737884005
21368,8.906847944780424
21369,6.599699190299965
21370,9.805624235653909
21371,11.816122926818629
21372,8.820109942038362
21373,9.524641937769813
21374,12.633173691494571
21375,6.612102143766328
21376,12.16082278655985
21377,9.751734362986157
21378,10.608890482457516
21379,10.04747535587326
21380,10.456758727972847
21381,8.180017794430807
21382,13.159211870940762
21383,11.321250831636407
21384,10.84532960904989
21385,10.947264091019989
21386,12.152852358484985
21387,6.413325760078218
21388,12.315859445725884
21389,9.88327323458473
21390,5.041665430688909
21391,6.8147662892347505
21392,10.266824505554837
21393,8.022354011587494
21394,10.298694047713287
21395,10.386070706158621
21396,9.245162856019125
21397,8.82741320613217
21398,6.899824397547857
21399,10.326821750150248
21400,11.632774224620222
21401,8.655483628950366
21402,11.010746755312969
21403,11.922155148515504
21404,12.638772699218874
21405,5.710120063834223
21406,6.999341470337276
21407,11.391730998260755
21408,5.553078432173436
21409,11.271126482181334
21410,10.615519907856914
21411,10.983149516819232
21412,10.720882320771521
21413,11.95737884346065
21414,11.002684780916441
21415,12.044666701160173
21416,10.857141787269757
21417,11.483496116483884
21418,11.010822555405793
21419,11.169631372034505
21420,9.725296693830195
21421,6.630220752980863
21422,9.511500118688152
21423,8.258065767357321
21424,7.929152877306429
21425,8.554770003481629
21426,11.152930531885097
21427,8.903653818231557
21428,9.48995601022511
21429,6.566761500120777
21430,10.27684563690944
21431,9.876516166367976
21432,6.86871460133653
21433,11.476092116491605
21434,7.570055293627837
21435,14.509607907413587
21436,8.674796049461007
21437,13.04873793266107
21438,10.615510391327932
21439,9.5989923413585
21440,6.597871296332104
21441,7.181322897932981
21442,7.0818058251435625
21443,8.909097012362421
21444,7.570055293627837
21445,10.142882800103955
21446,9.412918609895947
21447,6.8147662892347505
21448,7.651739099858087
21449,12.329921581946149
21450,7.570055293627837
21451,7.973772568288871
21452,11.457721556005437
21453,9.26459530971173
21454,10.010533995760275
21455,8.23635348364522
21456,11.608960595330409
21457,9.966304061939283
21458,11.117748235989632
21459,10.506410686573757
21460,4.513252726136535
21461,9.921379711103539
21462,9.715743086388574
21463,15.766377944958947
21464,10.822458334723068
21465,5.360766467024166
21466,12.805674568549923
21467,12.030803619349488
21468,8.688282778692507
21469,7.0818058251435625
21470,9.517939975754919
21471,11.641104118967313
21472,12.725112694453571
21473,10.681165902751477
21474,11.027356464370031
21475,10.55523195490814
21476,10.765693629657155
21477,7.196880361130278
21478,8.297058285152476
21479,10.456758727972847
21480,12.20373180834753
21481,13.731399925231491
21482,13.226071166387465
21483,11.481511194437894
21484,14.454443408693754
21485,9.813604328405043
21486,13.888604269504865
21487,10.913825766829845
21488,10.229260632450577
21489,8.676189119199094
21490,10.898060703429506
21491,13.455969279182685
21492,5.877817243074599
21493,6.7836564930234236
21494,10.004256146890032
21495,11.509492605013778
21496,8.674796049461007
21497,12.068595279266274
21498,7.493202154439644
21499,8.806707715883443
21500,11.247480200508665
21501,6.576426105780441
21502,9.806207866246478
21503,13.058460426014138
21504,12.547288697684232
21505,11.417811288591905
21506,10.565593649530319
21507,12.054177739232241
21508,11.227055514418055
21509,11.548901306872532
21510,5.528927388697476
21511,10.272810682732922
21512,7.0818058251435625
21513,11.415303924361403
21514,12.470897803355971
21515,11.071991281124458
21516,10.656927415839064
21517,12.709665737572793
21518,9.394429663767832
21519,8.248465326040217
21520,12.267202743698734
21521,8.388438030193589
21522,8.083968117298046
21523,9.657297587448076
21524,9.538371461417087
21525,6.212011443623229
21526,11.171245527052088
21527,11.158885207913126
21528,9.092721063784191
21529,13.992052209027609
21530,12.147427518858626
21531,6.136304099847813
21532,9.494382689412094
21533,10.883483543475666
21534,8.73453498949093
21535,10.8420068914931
21536,11.090691175640881
21537,6.722818103261535
21538,12.155735073651032
21539,9.947129414947034
21540,6.229526946441711
21541,13.389583241579526
21542,9.663499848281822
21543,11.862392354733432
21544,6.558307496565906
21545,7.570055293627837
21546,9.02996280995905
21547,6.476505433490107
21548,8.038894254201967
21549,12.9259137142516
21550,10.527859158926901
21551,9.170329083647276
21552,11.82524360250263
21553,10.05837239512526
21554,9.440121155192935
21555,11.503698239928234
21556,4.397422146038377
21557,9.501134881185463
21558,10.572128921572267
21559,11.231298054539169
21560,13.57979487090827
21561,11.160219508767556
21562,7.3625752854389
21563,10.927146719821662
21564,8.941392673948858
21565,6.230130052837764
21566,12.483632888706289
21567,9.864209170269724
21568,11.01190439283596
21569,10.272363279288635
21570,7.0761946095254675
21571,10.577131368682513
21572,12.406085649544572
21573,6.230130052837764
21574,8.936505867652562
21575,9.893899343230673
21576,8.964273112411579
21577,8.213598968440753
21578,8.655483628950366
21579,8.376403522185841
21580,8.033838513753276
21581,13.556648548939464
21582,12.161239791395358
21583,11.991396119324707
21584,8.38678468448048
21585,9.453041522111205
21586,12.631186677188433
21587,8.629739764846537
21588,6.584880109335312
21589,5.6373020645426815
21590,10.502229179786154
21591,11.660429638871552
21592,8.836302677959084
21593,7.3086269733371205
21594,7.842701247643274
21595,10.17043506766472
21596,10.744319317753929
21597,13.480403623465554
21598,11.98818793037312
21599,10.586829492556438
21600,11.005223234918049
21601,8.715181636994249
21602,14.71740614914824
21603,11.258157882652382
21604,10.819277104912137
21605,11.296158289268702
21606,4.893708347018955
21607,4.456534151850888
21608,10.05466011144946
21609,6.747980455037537
21610,11.06687990146494
21611,6.090858991640441
21612,8.559433951817605
21613,17.680225796012113
21614,9.388670835846451
21615,7.181322897932981
21616,10.233236328604557
21617,15.946551435129567
21618,11.786066113855057
21619,11.398002878814923
21620,11.431660073671187
21621,8.083968117298046
21622,5.028364658270004
21623,6.747980455037537
21624,10.741239280541704
21625,9.20166451968781
21626,7.953067078040141
21627,10.881973777189101
21628,4.397422146038377
21629,6.612102143766328
21630,12.712026601498795
21631,8.949380078125515
21632,11.165136693438333
21633,5.405121348503481
21634,11.503170812395199
21635,8.909097012362421
21636,12.081322666152568
21637,14.432049342361013
21638,10.030095907635996
21639,11.19605251595576
21640,7.570055293627837
21641,8.160156741931816
21642,6.096905054655115
21643,7.134152129418359
21644,10.395428703658668
21645,11.587527357741806
21646,9.18245613072683
21647,11.838345536738661
21648,6.627901923543526
21649,8.567288692549276
21650,6.398745603707974
21651,8.949380078125515
21652,10.986935418631443
21653,9.797779473169562
21654,6.899824397547857
21655,9.240679797776703
21656,9.961838656607485
21657,7.493202154439644
21658,7.945800422565087
21659,9.224823780736491
21660,10.872974441829749
21661,8.56672184680972
21662,12.599962678186303
21663,6.899824397547857
21664,7.992357659989253
21665,12.273041875942022
21666,10.056481725526726
21667,10.85925113558843
21668,10.734249483754466
21669,9.52046272172927
21670,7.788570915380059
21671,12.536850655164384
21672,12.073603938208636
21673,8.358790163344988
21674,9.273336598581766
21675,4.426733001318558
21676,15.711387546420807
21677,10.07866365452093
21678,9.297836932376102
21679,9.410065660106184
21680,7.953067078040141
21681,9.74802885258079
21682,10.441588497251315
21683,6.899824397547857
21684,12.718214723143623
21685,10.18368372702447
21686,11.784346409061264
21687,8.999841816443766
21688,9.563285371568032
21689,8.965781897217578
21690,10.620297946904032
21691,9.65281632640793
21692,9.960913326379012
21693,10.03614465830611
21694,10.166867872381383
21695,11.97624567886458
21696,8.885370726025062
21697,9.563285371568032
21698,11.592513491073678
21699,6.669023456061113
21700,14.214285397788691
21701,11.700023960409013
21702,4.53976935666985
21703,9.017693229769408
21704,15.752901623109313
21705,13.140283436162328
21706,11.160413135149177
21707,12.564854970296459
21708,12.197139023492433
21709,9.150146363529347
21710,8.93216556354089
21711,9.875868788142943
21712,10.557481269325585
21713,12.512067516047626
21714,11.660973026948643
21715,8.969829114527519
21716,13.666768987977472
21717,11.673755828837672
21718,10.673347958690353
21719,10.745229940580344
21720,11.506247061771097
21721,9.499745508481926
21722,9.9623227179925
21723,10.85153281851552
21724,10.941968914336154
21725,8.964273112411579
21726,11.148182852910793
21727,11.177553541725697
21728,10.907022125541125
21729,9.533535108405196
21730,10.395275431033468
21731,10.86158366656019
21732,11.055596741685605
21733,7.842701247643274
21734,14.340559923069444
21735,11.910816014019533
21736,9.224823780736491
21737,10.21452415848348
21738,9.802233174823384
21739,11.253299322061508
21740,11.466831436500504
21741,7.970890717131614
21742,10.175944149004222
21743,9.876516166367976
21744,11.307389579950014
21745,9.41233072547874
21746,10.106634041929954
21747,9.642856727988748
21748,10.717644869993777
21749,11.055596741685605
21750,5.553000140610623
21751,9.30792101845138
21752,9.441333847577848
21753,8.089207350056434
21754,7.393685081650227
21755,7.181322897932981
21756,9.698115065146673
21757,7.495219471115892
21758,12.409695221988228
21759,7.393685081650227
21760,11.028003322939481
21761,10.806800754840735
21762,12.030803619349488
21763,8.687618846554994
21764,10.015357381441328
21765,9.5608169048097
21766,8.78593155857166
21767,6.135213873119755
21768,12.83553607803997
21769,8.30344007909711
21770,11.16775439258121
21771,8.77411843445788
21772,7.0818058251435625
21773,12.541718034001432
21774,10.355791022351287
21775,9.979136409541056
21776,9.509052592940712
21777,10.893560162565914
21778,6.87512948459009
21779,7.316133557014064
21780,12.579907094070078
21781,9.65332466855607
21782,10.549201561834526
21783,11.024311363731346
21784,10.29011848670845
21785,15.33096910914649
21786,7.493202154439644
21787,6.899824397547857
21788,11.313219307345152
21789,8.253487784924145
21790,11.745734517088362
21791,9.763152453021121
21792,9.53106872480896
21793,5.617098226539326
21794,7.570055293627837
21795,11.669918102958647
21796,5.072719539749318
21797,9.782504882618724
21798,8.597217769714746
21799,11.420748526277
21800,9.563285371568032
21801,12.951808112615986
21802,10.835264566630334
21803,8.185552828378343
21804,9.949766236683091
21805,8.33240316077798
21806,5.6373020645426815
21807,10.2064114428764
21808,9.858194638944514
21809,7.570055293627837
21810,8.676189119199094
21811,10.986480838116474
21812,10.261949674335604
21813,11.308589815083272
21814,11.140402077741134
21815,8.881376541055163
21816,10.149623940762758
21817,11.722885522231271
21818,5.98853037880991
21819,11.01050756834869
21820,9.759989062673984
21821,9.628361325460572
21822,11.171904386213317
21823,6.174612918312453
21824,12.026161752460775
21825,10.21406585053782
21826,9.61596676014253
21827,12.256536202038761
21828,10.663399201256809
21829,9.190515384942222
21830,7.631033609609357
21831,10.713001106151761
21832,14.711454249374748
21833,10.31602408967805
21834,13.620611663424723
21835,13.650753362813804
21836,10.022870008978447
21837,10.915229938332203
21838,13.358103210021877
21839,5.553078432173436
21840,12.343620641579376
21841,9.895611614413385
21842,10.05837239512526
21843,6.230130052837764
21844,8.286295297388993
21845,10.819191744767659
21846,10.2318510489166
21847,12.971665663928002
21848,10.485200300752622
21849,8.676189119199094
21850,6.9967477168304555
21851,11.929147294966794
21852,9.966304061939283
21853,11.701626392456491
21854,12.058678771652096
21855,13.555555753212497
21856,12.921325377995549
21857,9.663971336072636
21858,9.666756030008687
21859,10.807989285739321
21860,7.683729851537783
21861,13.196555110876929
21862,10.907527809422598
21863,14.609563111032005
21864,11.030512724211425
21865,11.796360161761363
21866,11.101334417857283
21867,12.254067538053627
21868,11.089879190871251
21869,11.488116010328188
21870,9.325681978885227
21871,11.356681161135166
21872,10.903806846467115
21873,10.021160122178213
21874,6.135213873119755
21875,11.22306791045499
21876,8.237360277108593
21877,9.965077896908486
21878,11.008555867894614
21879,4.513252726136535
21880,12.457841785352556
21881,7.551141393099763
21882,15.811695569026083
21883,10.40559110786974
21884,13.075315751912925
21885,11.284605972556703
21886,10.82118568683197
21887,10.168976802260115
21888,11.604515875127582
21889,8.022354011587494
21890,12.008652458740015
21891,11.253843876107968
21892,12.943805658659649
21893,5.482441915288278
21894,6.558307496565906
21895,9.952670619958262
21896,11.055596741685605
21897,10.34064426317373
21898,8.863269355804471
21899,12.620651059982887
21900,7.2581760371211725
21901,7.443806429409213
21902,6.135213873119755
21903,8.022354011587494
21904,9.083186421827136
21905,8.949380078125515
21906,11.945689234369102
21907,9.921645749689503
21908,4.513252726136535
21909,7.495219471115892
21910,6.630220752980863
21911,10.87016876195735
21912,13.797390865514174
21913,8.33240316077798
21914,10.873080003952278
21915,9.572489508289944
21916,11.726727864853034
21917,10.937243301678365
21918,10.573224251774748
21919,7.973772568288871
21920,12.434584600522447
21921,9.75001752443338
21922,10.324246125941773
21923,13.91350838427488
21924,9.572670612414365
21925,7.7940956819346505
21926,4.893708347018955
21927,10.288879196914174
21928,10.057656229830306
21929,10.951022498457377
21930,7.416378527666232
21931,10.241906091240208
21932,8.022354011587494
21933,9.165801244454023
21934,11.725421086445897
21935,7.953067078040141
21936,9.809143642521878
21937,9.818973673291998
21938,7.181322897932981
21939,7.570055293627837
21940,11.866140784744596
21941,13.18865614868246
21942,9.078257109230677
21943,7.393685081650227
21944,4.730109647091179
21945,12.733764521738504
21946,6.452540250908396
21947,13.37493455517182
21948,10.483200933854375
21949,10.231210094491708
21950,8.80829790356168
21951,4.397422146038377
21952,8.977426218187924
21953,6.534090293618107
21954,5.661453108018641
21955,14.238260728549186
21956,19.38746369976177
21957,9.054883106620059
21958,10.947409576533376
21959,12.402096348691174
21960,8.078388881003102
21961,10.69432231357105
21962,12.816427647287084
21963,7.0818058251435625
21964,8.213598968440753
21965,13.432077946136648
21966,8.87004553579161
21967,6.801775102237959
21968,14.25076528989801
21969,9.881027810136427
21970,15.300149501406388
21971,7.570055293627837
21972,13.514783557070494
21973,8.037993932806057
21974,8.824390615667037
21975,11.002684780916441
21976,5.959580509318564
21977,6.899824397547857
21978,6.999341470337276
21979,9.76563325677994
21980,7.651739099858087
21981,12.721384482807759
21982,10.67093434745222
21983,6.096905054655115
21984,5.617098226539326
21985,11.411779303866325
21986,14.270699249564968
21987,10.90051204392816
21988,14.021752488628263
21989,11.671653369896346
21990,10.300893712446967
21991,12.439521968737644
21992,13.110114430344447
21993,6.577914317250734
21994,11.877821941498436
21995,10.229138940528866
21996,7.0818058251435625
21997,11.26096386223886
21998,7.549349803379107
21999,6.230130052837764
22000,14.205154883422475
22001,10.011901821687053
22002,11.960556037350694
22003,7.5831781130170395
22004,6.612102143766328
22005,17.19070655873222
22006,11.880623381481737
22007,4.426733001318558
22008,10.670238807002711
22009,11.083874731226237
22010,12.642019914200693
22011,10.960581707671771
22012,11.594009718702763
22013,10.386070706158621
22014,9.534662898738414
22015,10.146957856762489
22016,5.226110155773117
22017,5.997889327783205
22018,10.524893840249751
22019,11.03696628085897
22020,6.230130052837764
22021,9.342345916974049
22022,8.237360277108593
22023,6.44702504574041
22024,14.277327017982
22025,8.696395818168513
22026,8.33240316077798
22027,10.918564089315494
22028,9.440121155192935
22029,14.787718026598485
22030,7.0818058251435625
22031,9.93184682108964
22032,10.947784042777803
22033,11.461810687858492
22034,10.575967682626612
22035,6.899824397547857
22036,13.495714195058577
22037,11.305532115979778
22038,4.427223296570706
22039,10.429579417586842
22040,7.890501957244125
22041,9.388670835846451
22042,10.451608149658696
22043,14.20544505874108
22044,9.578203152452208
22045,8.913044177429972
22046,9.276103043422328
22047,10.19685069340829
22048,5.454983170530599
22049,11.227098744640664
22050,8.787799851481926
22051,10.115034959960589
22052,15.138794375814637
22053,5.508723550694121
22054,7.651739099858087
22055,6.230130052837764
22056,7.0761946095254675
22057,10.580539056993267
22058,7.2581760371211725
22059,9.816328816312394
22060,8.022354011587494
22061,11.28860212717663
22062,10.881894280176208
22063,9.91738107761291
22064,7.631033609609357
22065,5.041665430688909
22066,7.973772568288871
22067,11.179313769438918
22068,10.33762889368168
22069,5.419279123492162
22070,7.3086269733371205
22071,6.7298618458230015
22072,11.195720244281695
22073,7.0818058251435625
22074,10.505266458600136
22075,9.777066508449584
22076,11.38980087206602
22077,9.125257447599182
22078,6.612102143766328
22079,4.456534151850888
22080,10.480083714763115
22081,12.411982160616091
22082,13.218457256156045
22083,9.720327750113265
22084,10.565869655192538
22085,10.62466271978174
22086,9.867436663691425
22087,11.958098064176841
22088,6.8460297503474346
22089,10.539830036986094
22090,9.468789686720791
22091,15.134189429205751
22092,11.364177977952156
22093,9.043232301267011
22094,9.63866573328386
22095,10.508099567061725
22096,9.930040409466283
22097,11.580499586145075
22098,13.140283436162328
22099,10.656017535999545
22100,11.398680975510732
22101,8.655483628950366
22102,9.93742657099648
22103,8.180017794430807
22104,15.944957648492709
22105,11.314810326023878
22106,11.032728681784846
22107,6.413325760078218
22108,9.454619222390718
22109,6.212011443623229
22110,11.050895085208733
22111,10.920173645284297
22112,10.502317305437693
22113,14.121879523630067
22114,6.395932889655028
22115,13.40804756691856
22116,7.570055293627837
22117,6.966316632411881
22118,9.238942998844935
22119,10.030480332529324
22120,15.4033909874381
22121,11.604541530247468
22122,10.052135824154568
22123,13.52476786296505
22124,10.720916315097021
22125,10.2516072051866
22126,6.135213873119755
22127,7.628012813520728
22128,14.244449573188238
22129,7.181322897932981
22130,6.812202180576569
22131,11.924625940399238
22132,9.514807597032645
22133,9.247820497122884
22134,7.462092358228317
22135,13.533011802961328
22136,10.061417236439972
22137,10.450269179162158
22138,5.405121348503481
22139,10.89622826801489
22140,10.451278868016889
22141,12.313777594936866
22142,9.51921969178835
22143,7.0761946095254675
22144,11.522809225718403
22145,10.996371249996399
22146,11.064708723777443
22147,11.262393451610286
22148,10.925472195104378
22149,6.899824397547857
22150,8.44867625843531
22151,12.768703622297954
22152,8.827377992608692
22153,6.983756529833664
22154,9.03622639889274
22155,8.037993932806057
22156,11.436009476168332
22157,8.982355233387326
22158,4.397422146038377
22159,8.185552828378343
22160,9.934159287697682
22161,11.514343459413338
22162,7.390378407273616
22163,10.755422951998751
22164,9.489084671725594
22165,10.149300249635303
22166,12.201351580374325
22167,9.603693936908096
22168,9.60203187456649
22169,7.651739099858087
22170,10.658133986161356
22171,11.181244789427119
22172,14.088686801037344
22173,5.617098226539326
22174,8.267183070424439
22175,8.748129596112461
22176,10.002339418038432
22177,6.612102143766328
22178,6.243121239834556
22179,4.397422146038377
22180,8.82741320613217
22181,9.148510996706223
22182,9.796897668114008
22183,12.634252880843107
22184,10.225025202636495
22185,12.117505882001643
22186,5.336615423548206
22187,11.179097872984904
22188,10.600030041807644
22189,8.82741320613217
22190,8.944867063386873
22191,14.000990455348994
22192,12.246086359460067
22193,8.82741320613217
22194,11.343446069003361
22195,7.863406737892004
22196,6.7836564930234236
22197,10.619324622617146
22198,10.516678956375626
22199,9.789587835217265
22200,14.686682034438357
22201,6.174612918312453
22202,11.025562055432673
22203,11.186010578727315
22204,9.799220842777716
22205,14.598240547559936
22206,12.890217749674607
22207,12.110324061673776
22208,10.682941964856493
22209,10.601286282120984
22210,13.904972781378849
22211,11.357417227415242
22212,7.570055293627837
22213,6.230130052837764
22214,13.432002251148301
22215,8.510686977394112
22216,4.862190456100671
22217,6.747980455037537
22218,10.534361479973915
22219,14.434232876741417
22220,7.570055293627837
22221,20.42474970444253
22222,9.583145408432896
22223,10.236067402156484
22224,9.76465314702209
22225,9.718110827516814
22226,9.524219012087071
22227,9.986935374680739
22228,14.823660787796747
22229,6.576426105780441
22230,7.549349803379107
22231,15.878135313727187
22232,6.612102143766328
22233,9.685138578305335
22234,10.679135110595144
22235,6.945546823136854
22236,6.7836564930234236
22237,9.979134606322246
22238,9.118668825499816
22239,12.110065556117355
22240,9.17177360387764
22241,10.036047616167556
22242,13.373039429829221
22243,10.452274826336659
22244,7.924168932346866
22245,4.862190456100671
22246,6.979430560831736
22247,13.129321023146522
22248,13.522640818361584
22249,9.762484530242256
22250,10.677997084651187
22251,6.794083571362034
22252,10.52836220923689
22253,11.779683689500862
22254,7.472062213503866
22255,7.842701247643274
22256,11.342673938111973
22257,6.86871460133653
22258,13.133152479003998
22259,12.281602998666637
22260,10.21125524452499
22261,9.580252296607874
22262,13.373098403709452
22263,12.406289205214831
22264,11.295876851658463
22265,9.453041522111205
22266,9.916291199656728
22267,13.234546842930412
22268,10.07041082698478
22269,11.123677398284787
22270,10.748970860043034
22271,8.82741320613217
22272,14.315769124861808
22273,8.82741320613217
22274,10.154206113199212
22275,12.836340714645063
22276,8.580139442066333
22277,8.035412702856025
22278,7.2581760371211725
22279,6.899824397547857
22280,8.851210206314436
22281,8.964390844004498
22282,11.048270810296799
22283,6.498372794356612
22284,10.02345833675678
22285,11.85467531930997
22286,8.849862891628144
22287,13.4976879852211
22288,10.069707409718609
22289,5.617098226539326
22290,7.651739099858087
22291,10.812492925924964
22292,11.83583268403264
22293,14.326366507247076
22294,9.055140281764727
22295,8.237360277108593
22296,11.287772680775763
22297,8.7566900552706
22298,11.585397306269417
22299,9.324601019794192
22300,9.190673066808317
22301,8.796303409920844
22302,4.397422146038377
22303,14.433494852295079
22304,9.303348211546327
22305,13.36334833478103
22306,11.236774807639767
22307,6.558307496565906
22308,8.790779010252454
22309,7.493202154439644
22310,9.063609292480539
22311,13.27334492197055
22312,12.879620391729768
22313,10.571548106546919
22314,10.843433027404913
22315,6.391507911215099
22316,7.788570915380059
22317,12.339404771060407
22318,9.298798172964736
22319,10.415937977598675
22320,10.629421418523128
22321,7.863406737892004
22322,9.760127582997159
22323,15.608676010626025
22324,12.582139950371772
22325,12.032419242374939
22326,9.751734362986157
22327,10.397802943496416
22328,10.778497231444161
22329,6.096905054655115
22330,8.580139442066333
22331,5.617098226539326
22332,10.027113065015033
22333,12.347801587100953
22334,11.728303640940492
22335,10.794149550646138
22336,11.192020574335746
22337,10.062752000830356
22338,9.162980889017643
22339,9.802233174823384
22340,7.631033609609357
22341,11.00398202402532
22342,6.597871296332104
22343,9.20166451968781
22344,10.07472872231546
22345,8.248465326040217
22346,9.175259280697807
22347,7.150213101721654
22348,9.276103043422328
22349,11.734719277015596
22350,5.028364658270004
22351,8.939109169454179
22352,8.112049556320242
22353,7.863406737892004
22354,5.6373020645426815
22355,8.237360277108593
22356,11.458915575670165
22357,16.368017294815843
22358,6.899824397547857
22359,10.334149672827428
22360,8.559433951817605
22361,13.120139274765206
22362,10.164281217205646
22363,9.93572352822802
22364,10.124059465485757
22365,10.825603093891432
22366,10.921081397685832
22367,7.551141393099763
22368,15.349984692868233
22369,12.290616109774064
22370,7.0761946095254675
22371,11.049789373131512
22372,9.777066508449584
22373,12.181013847960811
22374,10.263349198560988
22375,9.392464926987085
22376,12.673770560579513
22377,7.570055293627837
22378,7.570055293627837
22379,10.035115462698306
22380,9.894068412773228
22381,7.570055293627837
22382,10.025915399322615
22383,9.87975560647228
22384,8.965781897217578
22385,9.97927593439123
22386,13.711211014455424
22387,11.193017210060543
22388,11.29674217148736
22389,7.570055293627837
22390,9.48995601022511
22391,8.941392673948858
22392,9.207592194403423
22393,10.798854699389228
22394,14.867930502613708
22395,15.15778953380147
22396,10.90223327528172
22397,10.149300249635303
22398,10.076904936125535
22399,5.028364658270004
22400,14.490809744665247
22401,10.533165484900913
22402,13.206996588724758
22403,12.423882504993946
22404,10.185613175587036
22405,8.187608225254413
22406,11.835470478380374
22407,6.413325760078218
22408,4.485257818022305
22409,6.135213873119755
22410,11.605336751373057
22411,10.561331191402877
22412,8.112049556320242
22413,14.501974741261256
22414,13.248874574000542
22415,9.101765444472688
22416,10.487399919599543
22417,15.367805130733975
22418,10.218020920235842
22419,10.811170970908517
22420,12.886815173058713
22421,5.380970305027521
22422,10.797675567505538
22423,9.777066508449584
22424,11.245690829703813
22425,10.05837239512526
22426,10.635001303300788
22427,11.357417227415242
22428,10.149159501727075
22429,10.37524939520177
22430,11.580698123705805
22431,12.253105696224548
22432,14.289815766746198
22433,9.49723448550619
22434,10.158511525460458
22435,9.425215447545794
22436,9.504579881836642
22437,6.651819608433883
22438,11.746024862083313
22439,7.738060812519041
22440,4.513252726136535
22441,11.614220232752873
22442,11.694938760432944
22443,9.122015746603026
22444,10.406425713653146
22445,7.570055293627837
22446,5.617098226539326
22447,7.181322897932981
22448,8.47592059497526
22449,7.393685081650227
22450,10.354504526046702
22451,9.717370001021479
22452,6.121056098131074
22453,12.181564697958839
22454,16.330892103461043
22455,9.743709096022537
22456,6.32444312615972
22457,7.651739099858087
22458,10.375789286025846
22459,10.754810956813571
22460,10.144406466703282
22461,10.490508144297863
22462,10.19608633198098
22463,11.074871896326364
22464,9.672731851553245
22465,14.153570574033758
22466,4.427223296570706
22467,9.942303556055752
22468,8.213598968440753
22469,11.333280631070549
22470,9.629387369406919
22471,5.464443840183727
22472,7.570055293627837
22473,11.736635142974501
22474,9.403888386184061
22475,9.128199213448285
22476,14.027617436908905
22477,10.631100466119937
22478,8.885370726025062
22479,11.187554592876655
22480,8.480122430060087
22481,8.23635348364522
22482,8.629130026434588
22483,7.493202154439644
22484,12.245473720104595
22485,12.105341412373996
22486,12.243093932089675
22487,6.760971642034328
22488,10.237903907005407
22489,11.329843640784897
22490,7.985187746722033
22491,4.801107149765174
22492,11.944835279261264
22493,9.131657704353268
22494,11.1705877170653
22495,7.651739099858087
22496,6.630220752980863
22497,13.391765906296579
22498,9.972974125457535
22499,10.221894876959114
22500,4.397422146038377
22501,6.7298618458230015
22502,8.559433951817605
22503,7.570055293627837
22504,10.45274593736529
22505,7.493202154439644
22506,10.406168724557208
22507,10.501415673144505
22508,9.302822755646313
22509,9.682113728857358
22510,9.246714341971893
22511,10.969540284484529
22512,18.46012751324497
22513,11.70537879339647
22514,7.965390982143865
22515,7.549349803379107
22516,9.083186421827136
22517,10.40979979217386
22518,6.612102143766328
22519,9.98209642098849
22520,11.970623402724506
22521,9.669692643080376
22522,7.953067078040141
22523,15.680431295410814
22524,7.0761946095254675
22525,8.655483628950366
22526,10.769578225461501
22527,11.250831954855592
22528,9.633567775812226
22529,9.276103043422328
22530,10.464875429342786
22531,10.838421707076673
22532,9.054970957002302
22533,12.041664499948963
22534,13.342051461474767
22535,12.122372989934604
22536,9.802233174823384
22537,12.027213402443905
22538,7.570055293627837
22539,8.655483628950366
22540,12.473206426855812
22541,6.612102143766328
22542,8.549752311130174
22543,12.288798864045795
22544,13.463156524866196
22545,7.050696028932236
22546,8.580139442066333
22547,10.581545739625424
22548,5.405121348503481
22549,10.15033215647594
22550,14.345944737010624
22551,13.650649658582084
22552,9.884108808606351
22553,17.288895224109858
22554,9.246242318236147
22555,9.489084671725594
22556,6.230130052837764
22557,10.44456142208104
22558,11.528640159641414
22559,8.712035739387076
22560,9.878469871101238
22561,8.80829790356168
22562,4.397422146038377
22563,4.427223296570706
22564,6.558307496565906
22565,14.018674987071735
22566,10.33294676817519
22567,9.565945609411543
22568,6.44702504574041
22569,11.429718590105798
22570,5.028364658270004
22571,6.174612918312453
22572,9.730892973302133
22573,9.61552017184705
22574,11.447270277621032
22575,8.17659760845612
22576,12.949600581124228
22577,14.426773501240746
22578,10.402113820886202
22579,10.093377365226981
22580,6.597871296332104
22581,6.566761500120777
22582,8.022354011587494
22583,13.233818281857056
22584,15.139967902755002
22585,9.930040409466283
22586,10.683038331507237
22587,8.628319974532536
22588,8.866339596542257
22589,6.490849069373037
22590,10.272363279288635
22591,8.687618846554994
22592,8.574902724890189
22593,10.513641384648993
22594,9.40827315279865
22595,8.655483628950366
22596,12.320491828920915
22597,11.323398531429358
22598,6.558307496565906
22599,9.972974125457535
22600,6.899824397547857
22601,10.76557120599669
22602,4.426733001318558
22603,7.570055293627837
22604,8.696395818168513
22605,6.303829423989965
22606,11.410973263290593
22607,10.814835878561292
22608,7.570055293627837
22609,11.038827634564418
22610,7.953067078040141
22611,15.804753878139602
22612,10.97631287414416
22613,10.610056689506106
22614,11.431823131227988
22615,15.567391436394434
22616,11.554983646319734
22617,10.89622826801489
22618,10.445541633079165
22619,11.919645794037674
22620,13.576067447517511
22621,8.711164855526828
22622,7.493202154439644
22623,10.556848936031368
22624,8.258065767357321
22625,7.2581760371211725
22626,15.435634520914071
22627,9.376690058215088
22628,9.771276846812881
22629,12.485810668970297
22630,10.333204379461932
22631,12.92298847664225
22632,10.43803189532769
22633,10.86906432018759
22634,10.43388958490189
22635,10.375111395874843
22636,7.316133557014064
22637,10.494152275969952
22638,9.026702840637105
22639,9.122015746603026
22640,6.135213873119755
22641,11.70949049625149
22642,14.81839033222087
22643,11.636717105830918
22644,9.975688545846024
22645,11.028278181163692
22646,7.493202154439644
22647,9.362767165374223
22648,13.29307098607227
22649,8.981483619601407
22650,7.570055293627837
22651,7.0818058251435625
22652,10.541398817264007
22653,4.456534151850888
22654,11.750366963293715
22655,6.490849069373037
22656,12.287212566579452
22657,10.559216177962188
22658,11.598077904333849
22659,8.944867063386873
22660,9.122015746603026
22661,5.617098226539326
22662,4.790938393289645
22663,4.397422146038377
22664,7.570055293627837
22665,15.32411215458941
22666,10.831588148838179
22667,11.097849357192391
22668,9.98154280319698
22669,8.687618846554994
22670,14.121649076723916
22671,10.666753510280088
22672,10.487789115810573
22673,9.234844271557614
22674,8.889568598065912
22675,7.0818058251435625
22676,11.395832464644625
22677,11.18887049580579
22678,9.49723448550619
22679,12.311139109599237
22680,10.310607232280658
22681,14.843990936953393
22682,12.212666404005628
22683,7.2581760371211725
22684,7.0818058251435625
22685,13.070141749353008
22686,12.25838224888356
22687,8.994667416256265
22688,11.14225951639167
22689,9.03622639889274
22690,14.667224358369845
22691,10.4259440686101
22692,11.539758592371326
22693,9.101765444472688
22694,4.862190456100671
22695,12.088345701445267
22696,10.425737494415221
22697,7.393685081650227
22698,7.6062087581756685
22699,14.70347180661348
22700,8.773009032121072
22701,11.130141650808925
22702,9.288930480050015
22703,8.655483628950366
22704,10.925992733782605
22705,6.612102143766328
22706,6.8147662892347505
22707,10.031605224672749
22708,9.276103043422328
22709,8.482618738769395
22710,8.44867625843531
22711,12.097711483628423
22712,7.738060812519041
22713,11.709582883066759
22714,12.222000714175604
22715,8.923452799792852
22716,11.070189902647504
22717,9.026250457829013
22718,7.493202154439644
22719,9.051665892326712
22720,14.161560026582256
22721,9.03622639889274
22722,8.880681703310856
22723,12.803182667769699
22724,10.752480559895458
22725,8.935716848389205
22726,11.770784591780888
22727,11.275418445783892
22728,12.366910080092195
22729,13.561868910456809
22730,9.777066508449584
22731,8.41203506985175
22732,9.733968590556046
22733,9.671903590009121
22734,9.342345916974049
22735,11.101863776552946
22736,11.528440995355941
22737,10.985664230833324
22738,11.5951624572084
22739,10.259328556768063
22740,9.802233174823384
22741,9.976577994100557
22742,11.039852226018198
22743,11.466985294783022
22744,7.754300571709512
22745,12.763486196359924
22746,14.478582467731373
22747,11.217106522291875
22748,10.948541757523076
22749,11.158794905745799
22750,18.875499634576812
22751,9.454619222390718
22752,10.41547801548433
22753,9.716912545532129
22754,9.221981519377238
22755,11.351175599166288
22756,11.580698123705805
22757,11.436009476168332
22758,13.770197972441798
22759,10.494290292658954
22760,14.762095430196917
22761,10.134458469008711
22762,10.336316472453026
22763,5.405121348503481
22764,9.477411741143026
22765,8.736441512362035
22766,7.756144452629368
22767,9.8471831805758
22768,11.694661887715599
22769,8.820109942038362
22770,10.683931790007266
22771,9.93173086752962
22772,10.881735581649298
22773,5.661453108018641
22774,7.181322897932981
22775,7.390378407273616
22776,8.523478910690262
22777,11.925185299485959
22778,10.551005210056555
22779,7.683729851537783
22780,7.551141393099763
22781,9.396075162645449
22782,9.362303184314413
22783,10.229876391466888
22784,12.057457704733833
22785,9.871723042063573
22786,8.917517837553127
22787,6.945546823136854
22788,4.456534151850888
22789,8.32702973976546
22790,9.20284676943296
22791,11.313219307345152
22792,10.790262274651518
22793,10.231210094491708
22794,12.138662985513106
22795,12.643602272322008
22796,10.679135110595144
22797,7.551141393099763
22798,12.470924896818724
22799,11.90654771835584
22800,8.905617935536574
22801,9.802233174823384
22802,9.92797727267345
22803,9.781527684574655
22804,6.623850233775925
22805,10.762561236876387
22806,10.295659024622772
22807,9.994307169117919
22808,10.556590873277182
22809,10.078764241979751
22810,10.547810026115155
22811,11.307521022633603
22812,11.577315644009994
22813,10.079077885373989
22814,11.466218757361457
22815,10.211470316624741
22816,10.290028157571248
22817,12.70809169614779
22818,9.46723569443527
22819,12.618906203421773
22820,7.973772568288871
22821,14.076030687105346
22822,11.38721691577374
22823,6.229526946441711
22824,11.739823117872223
22825,10.483200933854375
22826,10.940893462321414
22827,9.866697507530542
22828,7.236882060074363
22829,9.751734362986157
22830,6.230130052837764
22831,15.674207899736608
22832,10.002022200717667
22833,5.405121348503481
22834,9.454616025164468
22835,12.162240372655003
22836,12.564708755564185
22837,13.302164056097576
22838,10.610298875754149
22839,10.37637817555198
22840,8.213598968440753
22841,7.3086269733371205
22842,8.827377992608692
22843,10.54586282612502
22844,11.34683834010589
22845,9.484849983863636
22846,9.190673066808317
22847,10.283426378460256
22848,7.462092358228317
22849,11.706900958666107
22850,4.397422146038377
22851,9.517939975754919
22852,10.019367795793324
22853,11.14634031597842
22854,10.713333978354097
22855,11.891148322403728
22856,8.388438030193589
22857,9.56063738261685
22858,7.3086269733371205
22859,8.022354011587494
22860,9.347111853209976
22861,5.454983170530599
22862,12.797015742463046
22863,12.01271548057457
22864,4.893708347018955
22865,11.125846355097677
22866,9.2578459060372
22867,11.34051623195873
22868,8.213598968440753
22869,9.432941207195269
22870,16.279779853255548
22871,8.965826844582262
22872,9.926600205786002
22873,10.083516159641633
22874,9.29109475328944
22875,9.25717255943575
22876,8.180017794430807
22877,8.715664986617403
22878,6.685921021347295
22879,8.47450638205348
22880,8.976346755970901
22881,12.383289349725043
22882,9.20166451968781
22883,9.101765444472688
22884,10.002339418038432
22885,10.898844954639722
22886,8.570457801378902
22887,8.80680076772111
22888,5.3486132600855685
22889,6.8147662892347505
22890,11.050743864489686
22891,5.083352078082721
22892,10.383224638838549
22893,13.048492976556902
22894,12.519435091391736
22895,16.76101413649049
22896,9.585860141641112
22897,11.302134867937625
22898,11.502766341501166
22899,12.326642504374467
22900,6.78244647743463
22901,11.556345053671611
22902,11.601467640613102
22903,7.651739099858087
22904,9.647334858120168
22905,7.472062213503866
22906,7.627694982122174
22907,11.402882390412818
22908,8.981483619601407
22909,12.467050562843543
22910,7.3342307583341535
22911,9.755092947464462
22912,10.73208954345043
22913,9.122015746603026
22914,9.656708378537592
22915,9.697738783142785
22916,11.40714784902987
22917,11.156581044572146
22918,6.230130052837764
22919,10.276502937760192
22920,18.60208959391809
22921,9.596682669636225
22922,8.65717298248118
22923,10.595370101541477
22924,10.361980046230514
22925,10.544486464688697
22926,7.842701247643274
22927,9.943393655520403
22928,10.420626107577803
22929,12.738220093648978
22930,11.981086954485983
22931,8.033678295501293
22932,10.037367820542578
22933,12.431594635807768
22934,11.3121896972868
22935,5.336615423548206
22936,9.524641937769813
22937,8.183229944845376
22938,7.651739099858087
22939,11.618565562681741
22940,8.508200073943529
22941,11.243512950197472
22942,6.899824397547857
22943,9.512997581125028
22944,6.135213873119755
22945,9.201811036621592
22946,14.62502641453049
22947,10.981475651092698
22948,8.465781741822061
22949,10.210099144252856
22950,7.651739099858087
22951,10.288270486158043
22952,10.703290922702607
22953,10.800203714342084
22954,11.629268896375002
22955,6.999341470337276
22956,11.765627015920119
22957,11.468213560401429
22958,8.510686977394112
22959,11.372672231371917
22960,9.526390105091792
22961,6.230130052837764
22962,8.496512232844875
22963,9.9200204109856
22964,9.886431738885124
22965,14.06474788249316
22966,7.393685081650227
22967,10.514435415618856
22968,7.570055293627837
22969,8.855261150642283
22970,11.071949736504573
22971,12.462561529980812
22972,14.145492260392777
22973,10.482899058261012
22974,4.456534151850888
22975,6.68292940464521
22976,10.840451464141863
22977,10.947892329881158
22978,10.969626046738396
22979,11.365785641085722
22980,7.570055293627837
22981,12.270157561748558
22982,16.849507574012435
22983,6.135213873119755
22984,7.134152129418359
22985,10.007889237940443
22986,11.216079347405595
22987,9.585615556425008
22988,11.491773755866063
22989,11.03830168634755
22990,12.388480155413468
22991,17.132797365651584
22992,8.784107512759606
22993,7.493202154439644
22994,9.979136409541056
22995,10.91985571996726
22996,10.539830036986094
22997,6.230130052837764
22998,9.304563071984791
22999,10.858942010788384
23000,10.682493720430813
23001,6.899824397547857
23002,10.601182489066852
23003,9.46651966432061
23004,11.0250011854166
23005,10.14089406628948
23006,9.542853737095054
23007,11.828646963955464
23008,9.897921667320961
23009,9.281971211051058
23010,12.136288823769696
23011,11.865279494225762
23012,12.225967472569511
23013,10.413786364515246
23014,10.144782436698032
23015,7.493202154439644
23016,7.953067078040141
23017,9.869396826614036
23018,9.261844881157417
23019,9.204734015882128
23020,7.631033609609357
23021,10.870303730762604
23022,9.780203171716487
23023,12.198845048443902
23024,10.53320028884344
23025,11.976815786943671
23026,8.932722009801779
23027,8.388438030193589
23028,6.174612918312453
23029,10.700120999692421
23030,11.576822074642804
23031,11.424578820993718
23032,12.883105499290707
23033,10.867861632369397
23034,14.910895245385538
23035,9.367257927652902
23036,10.41105554885014
23037,4.427223296570706
23038,10.114338960440765
23039,12.72976655927818
23040,11.742869930525522
23041,16.935783490884674
23042,10.639335163446795
23043,10.671298963056644
23044,9.11278770056102
23045,5.405121348503481
23046,10.498699540550374
23047,12.302841993894987
23048,5.553078432173436
23049,8.898095884429576
23050,4.397422146038377
23051,12.187138986677496
23052,6.589417292777233
23053,9.005715767339927
23054,10.829867382848306
23055,15.849133877471342
23056,9.03622639889274
23057,12.614153692054252
23058,10.493772777358348
23059,6.490849069373037
23060,10.6193839841893
23061,10.869901816843047
23062,8.453220591361118
23063,12.27863715920156
23064,9.091302755146609
23065,7.493202154439644
23066,11.765691075141564
23067,9.777066508449584
23068,12.516063069888293
23069,11.810316120020335
23070,5.73221824426069
23071,8.973859710303973
23072,9.567073158236925
23073,9.222627006827988
23074,12.502077175562883
23075,7.3625752854389
23076,10.178119087220672
23077,12.558233237958138
23078,8.817610822020336
23079,7.549349803379107
23080,11.027049118724905
23081,7.493202154439644
23082,14.551678184371157
23083,4.397422146038377
23084,8.676189119199094
23085,10.891259353768962
23086,13.426763466174325
23087,13.560825423946556
23088,11.408005640061937
23089,9.040796212453065
23090,12.987693544535484
23091,11.876502572526071
23092,10.21452415848348
23093,11.107395312739063
23094,11.095455177266409
23095,11.434554506247439
23096,13.233868383333892
23097,8.039751005096825
23098,10.155189140757898
23099,6.999341470337276
23100,9.341943513288381
23101,4.674057201317443
23102,7.549349803379107
23103,14.34643541266441
23104,5.380970305027521
23105,13.326911343339793
23106,10.295897236895017
23107,13.449337105306588
23108,17.110652383265954
23109,11.489973846019225
23110,7.570055293627837
23111,8.687618846554994
23112,11.206476235727143
23113,11.179097872984904
23114,9.207088714740769
23115,8.85177574962672
23116,11.9139709644937
23117,10.676821134657569
23118,8.058097553845107
23119,13.57909846843514
23120,11.700513008853063
23121,11.174262490266488
23122,6.7836564930234236
23123,9.372130070285152
23124,10.96984595852096
23125,6.121056098131074
23126,12.578074402848438
23127,12.245174065371586
23128,14.545177765467157
23129,7.493202154439644
23130,10.202394357045158
23131,10.503639465274947
23132,11.6332230260636
23133,8.87668714038617
23134,8.248003900675604
23135,9.98209642098849
23136,11.464030200557236
23137,5.37792411536575
23138,10.531356113372157
23139,10.094657589814938
23140,9.146974952262331
23141,7.549349803379107
23142,11.061858496182305
23143,4.427223296570706
23144,10.60241843949848
23145,9.298798172964736
23146,14.039087518949962
23147,11.141088674024974
23148,8.444810798763934
23149,11.603888820769168
23150,10.968772335234087
23151,6.965637920619129
23152,11.807055234348974
23153,11.42028328118343
23154,14.710751530954656
23155,6.486124684125259
23156,11.22306791045499
23157,10.908274029477326
23158,10.668992637675814
23159,10.333194511597132
23160,8.23635348364522
23161,9.841944168655818
23162,9.468789686720791
23163,11.074987886629167
23164,10.342892612917035
23165,9.769765512839266
23166,12.705600817458507
23167,10.17632307878335
23168,12.33715622318286
23169,10.985437458422615
23170,10.891259353768962
23171,6.78244647743463
23172,9.715601704555107
23173,10.771692764461402
23174,11.260283684141786
23175,11.047169198651039
23176,10.960311064683934
23177,6.68033482603881
23178,12.898867888318646
23179,11.808565619627284
23180,9.260959428652185
23181,5.176321741939957
23182,12.242096145423927
23183,10.210636116554781
23184,10.509751362361687
23185,8.180017794430807
23186,9.951984379894487
23187,10.046547681127567
23188,6.945546823136854
23189,11.423768824161186
23190,10.702909523383537
23191,6.597871296332104
23192,8.188724422845857
23193,9.781527684574655
23194,11.615488103250136
23195,10.307031454251097
23196,9.335573643938636
23197,8.688282778692507
23198,11.211410225967668
23199,10.069864879641107
23200,6.7298618458230015
23201,7.842701247643274
23202,10.446023690555313
23203,10.201487025504537
23204,11.821217262100848
23205,11.42842326854911
23206,7.570055293627837
23207,7.570055293627837
23208,10.95373791855424
23209,9.285027417433227
23210,7.651739099858087
23211,11.826941561581531
23212,11.77388115690302
23213,9.871917408208931
23214,9.906429491123513
23215,12.306234501021711
23216,12.959845234588713
23217,10.743486935685572
23218,9.530392352621627
23219,10.731360920577526
23220,9.28914301848077
23221,7.738060812519041
23222,9.38952136377943
23223,12.1972633341793
23224,9.026261991183175
23225,6.86871460133653
23226,4.397422146038377
23227,13.627205714531279
23228,10.385001057082503
23229,9.188782921397854
23230,8.676189119199094
23231,11.859912195027313
23232,9.584090515733804
23233,11.164586225367179
23234,5.944175497330595
23235,11.348726015856306
23236,8.258065767357321
23237,9.46651966432061
23238,13.575836402358945
23239,9.616543458244236
23240,9.80218359921363
23241,10.56239347524488
23242,7.842701247643274
23243,12.866920402468239
23244,8.861260340980019
23245,8.885370726025062
23246,8.260235617661408
23247,11.663927947983264
23248,6.084356851681783
23249,10.386081434964261
23250,11.502146628456787
23251,9.983731181294957
23252,9.65251462894946
23253,10.369615429983138
23254,5.374067239443073
23255,8.237360277108593
23256,9.496446218544946
23257,9.789229070419042
23258,16.558026732720695
23259,12.058678771652096
23260,8.82741320613217
23261,12.923424286028354
23262,10.007871894250323
23263,10.948767988163931
23264,5.900460354255554
23265,12.357199342058104
23266,13.557130276021978
23267,11.248066119568012
23268,11.551586406600972
23269,11.429922429238031
23270,10.7323953799367
23271,12.474386415553811
23272,9.01086589060552
23273,10.095468104762903
23274,11.173316263203315
23275,12.483632888706289
23276,6.3952071508636825
23277,13.657747508398788
23278,9.0126937995969
23279,8.871915696563164
23280,9.100800421677125
23281,7.1059628278687015
23282,8.961649743138597
23283,10.228797123952761
23284,11.778942278565392
23285,7.493202154439644
23286,10.016418021696843
23287,9.173283881023448
23288,10.531018921201598
23289,7.627694982122174
23290,7.393685081650227
23291,14.7461867798294
23292,9.566615567566801
23293,7.493202154439644
23294,10.288879196914174
23295,10.153806535063632
23296,9.251171740828285
23297,10.660560821758855
23298,8.475642936280696
23299,9.251171740828285
23300,11.212747833970234
23301,12.625122350319735
23302,14.558889068891707
23303,10.380879034004442
23304,7.493202154439644
23305,15.652061892121731
23306,11.114407868445637
23307,9.589247030095
23308,11.045397372130491
23309,11.50143878585584
23310,16.089518972785626
23311,11.154856381070688
23312,6.32444312615972
23313,12.486761285210317
23314,6.916110900834937
23315,4.642539310399159
23316,8.870707610193936
23317,7.973772568288871
23318,13.907399296034386
23319,8.258065767357321
23320,9.581612112842313
23321,8.51712379004472
23322,8.942488872343429
23323,11.84642259240782
23324,5.6373020645426815
23325,8.33240316077798
23326,8.852459322701153
23327,11.434554506247439
23328,7.0818058251435625
23329,6.096905054655115
23330,9.170329083647276
23331,10.41774081818516
23332,14.360381102248658
23333,11.648911141802412
23334,6.760971642034328
23335,12.547293920435308
23336,10.096544066375964
23337,10.7707725125592
23338,8.33240316077798
23339,11.93756730417751
23340,10.482014482246166
23341,6.86871460133653
23342,12.167969281316388
23343,17.19944368585054
23344,9.420877999159428
23345,6.8147662892347505
23346,10.502197967095448
23347,4.7932906188159805
23348,10.256282056989184
23349,11.988849502702598
23350,7.393685081650227
23351,11.930707587319354
23352,11.468941708129686
23353,10.739525059501293
23354,9.632781034784895
23355,6.1927315275269885
23356,7.570055293627837
23357,10.079574707862518
23358,5.617098226539326
23359,15.265284645932422
23360,11.489510598677613
23361,11.265067729057979
23362,12.11314092789751
23363,7.929152877306429
23364,16.516405231309598
23365,7.842701247643274
23366,16.411783130792625
23367,9.832705199518806
23368,9.86810479200165
23369,4.456534151850888
23370,12.608900689678313
23371,7.401959158100281
23372,10.138604500974974
23373,7.0818058251435625
23374,11.474563230419362
23375,13.320347586772849
23376,11.17962613751434
23377,10.664840053875844
23378,7.493202154439644
23379,11.415351379063377
23380,13.242400362593958
23381,7.570055293627837
23382,11.792957692574186
23383,6.380819246679671
23384,9.760290011647955
23385,12.613445143901806
23386,7.493202154439644
23387,10.89109490138113
23388,14.357986092411668
23389,8.359369838623367
23390,8.96867945924024
23391,9.428834596002684
23392,10.0234574670975
23393,11.505532678809548
23394,6.945546823136854
23395,10.660385527779656
23396,11.240096950274463
23397,10.205252305837465
23398,11.123640468531573
23399,14.507633836839295
23400,7.420077767314816
23401,11.662220272163482
23402,10.478211938459511
23403,4.427223296570706
23404,8.820109942038362
23405,10.560945443746721
23406,7.2581760371211725
23407,10.402094954415933
23408,7.181322897932981
23409,9.368799201558353
23410,9.777066508449584
23411,10.198119151242542
23412,9.838776997229978
23413,11.429755181461857
23414,10.350754546195194
23415,9.494382689412094
23416,10.074136146381512
23417,10.9954388796125
23418,13.143172738633519
23419,10.068882908875512
23420,7.953067078040141
23421,8.53797120104962
23422,11.483005970485534
23423,6.649225029827483
23424,15.260532007381935
23425,6.395932889655028
23426,8.359369838623367
23427,13.259686949047635
23428,11.2562650850208
23429,10.762291662232673
23430,10.376892626143118
23431,15.765157430090287
23432,11.647336578512407
23433,6.612102143766328
23434,7.393685081650227
23435,10.077616102076844
23436,12.15539355485069
23437,11.214858690151717
23438,12.992765234494904
23439,7.493202154439644
23440,4.397422146038377
23441,11.325017690571723
23442,11.497138269057267
23443,7.651739099858087
23444,9.733968590556046
23445,9.240679797776703
23446,11.244663153713008
23447,11.435961862408348
23448,5.770527062725331
23449,9.938328797103281
23450,9.711150147031692
23451,9.195763874569527
23452,7.393685081650227
23453,11.06549571713301
23454,8.359369838623367
23455,10.035115462698306
23456,10.193873024686404
23457,7.570055293627837
23458,6.86871460133653
23459,4.703368056597625
23460,7.651739099858087
23461,11.522219422804282
23462,9.854665356418632
23463,13.694050809784233
23464,9.812713824358772
23465,10.86444098823466
23466,10.12412225613759
23467,6.899824397547857
23468,16.46232079411126
23469,10.867423221045843
23470,6.191821234373124
23471,10.879583120158857
23472,9.497657952779937
23473,9.66997055665172
23474,12.15127567322963
23475,6.487543471861943
23476,15.627906533553602
23477,13.509611208798823
23478,9.12145875478471
23479,7.79730082296306
23480,9.96910006894343
23481,6.535304573262854
23482,14.943670381390552
23483,5.380970305027521
23484,9.942303556055752
23485,5.661453108018641
23486,13.004151919669413
23487,11.695920684918649
23488,9.454616025164468
23489,9.215471718423625
23490,13.264420081238772
23491,10.60456639682716
23492,4.893708347018955
23493,9.195088801331115
23494,7.3625752854389
23495,7.628012813520728
23496,7.493202154439644
23497,17.315536644024057
23498,11.045227504031724
23499,9.362048579236578
23500,8.219957760613195
23501,9.749679653561813
23502,4.397422146038377
23503,11.180756345246575
23504,8.258065767357321
23505,12.524416733891298
23506,7.570055293627837
23507,7.493202154439644
23508,10.411043340071291
23509,10.330246863769295
23510,9.083186421827136
23511,10.451390144919493
23512,10.19328274609857
23513,7.973772568288871
23514,7.651739099858087
23515,9.921465876616091
23516,4.862190456100671
23517,18.12145913957856
23518,8.258065767357321
23519,9.897807318867232
23520,8.935141409408512
23521,6.760971642034328
23522,11.108566798285642
23523,10.615519907856914
23524,7.0818058251435625
23525,7.2581760371211725
23526,8.617418196290393
23527,13.09326089941575
23528,8.089207350056434
23529,11.7227147195451
23530,6.559830439410034
23531,12.989845847987315
23532,13.233054368753525
23533,9.077176994749117
23534,7.953067078040141
23535,10.42467962090972
23536,16.37597496818322
23537,5.528927388697476
23538,10.95334021789611
23539,10.596302532484271
23540,11.294794989481451
23541,12.014245083088861
23542,9.789587835217265
23543,8.022354011587494
23544,10.53895630055891
23545,9.46651966432061
23546,7.788570915380059
23547,12.654038589970824
23548,10.568346372515489
23549,10.175903548327
23550,10.459823840482214
23551,11.76444586613807
23552,8.44867625843531
23553,9.03622639889274
23554,7.576903277346142
23555,9.531294550179938
23556,11.90558353913147
23557,9.11915354876023
23558,10.859502532534895
23559,10.944082260978677
23560,15.766000482509519
23561,9.101765444472688
23562,9.971241247844405
23563,11.083180447449752
23564,11.250298923386024
23565,11.042177960334131
23566,12.60555358025073
23567,14.789837020016554
23568,10.440117497673544
23569,10.64589339648641
23570,9.566615567566801
23571,13.157184556332545
23572,9.2578459060372
23573,9.137622889949466
23574,4.397422146038377
23575,9.422267246465209
23576,5.292101624866948
23577,10.757556618200981
23578,9.90428117903617
23579,12.103456218103233
23580,8.688282778692507
23581,5.214056423003408
23582,10.376892626143118
23583,10.079030761921569
23584,11.053073137551722
23585,8.820109942038362
23586,9.749608511774609
23587,9.489084671725594
23588,9.7252937839076
23589,6.9967477168304555
23590,8.696395818168513
23591,7.103042333207032
23592,10.213210152847301
23593,12.478020676888637
23594,7.570055293627837
23595,9.72768375709448
23596,11.636966815974041
23597,9.224823780736491
23598,7.549349803379107
23599,10.578341581104834
23600,12.084847229835823
23601,9.072015573535463
23602,10.409300815470218
23603,13.198734985330468
23604,6.8460297503474346
23605,13.4423756019428
23606,10.520068059980794
23607,11.923831143255114
23608,10.573686202559982
23609,10.633173770328035
23610,11.075342632997838
23611,11.129064940016262
23612,6.541338119062365
23613,11.402701817628671
23614,11.399692003650713
23615,10.716264376257776
23616,6.999341470337276
23617,5.1500401065341155
23618,14.558408228966524
23619,6.327980467465925
23620,12.338179076979403
23621,13.140283436162328
23622,10.440953441283959
23623,9.936756779329704
23624,15.412155970767556
23625,14.201714294165402
23626,11.730148961203676
23627,9.75554643206051
23628,14.403231204943484
23629,15.765157430090287
23630,7.134152129418359
23631,7.805533633231104
23632,8.248465326040217
23633,14.49912289297262
23634,7.393685081650227
23635,12.968454825103903
23636,9.589401283382875
23637,10.411043340071291
23638,15.03015056222766
23639,7.842701247643274
23640,9.326917618004572
23641,9.860891454239106
23642,10.309087968274303
23643,7.0818058251435625
23644,9.637092098977009
23645,9.355319244256146
23646,10.992359331141714
23647,9.873392718471008
23648,14.709097734457755
23649,12.059558601683479
23650,8.972913203449282
23651,6.437054422172615
23652,12.778156470235952
23653,10.148180961775553
23654,6.612102143766328
23655,6.630220752980863
23656,10.84858432654008
23657,10.991611449024425
23658,10.945223918967264
23659,11.608564083205039
23660,7.493202154439644
23661,10.077048130990049
23662,10.092260646822233
23663,9.164340565077548
23664,9.388670835846451
23665,11.54901902083604
23666,13.801352334357308
23667,10.711444719227597
23668,10.6696121615021
23669,7.181322897932981
23670,11.406377073439337
23671,11.62602669613175
23672,6.229526946441711
23673,9.079575099645643
23674,5.553078432173436
23675,9.49413878903298
23676,12.351262903118808
23677,9.055843642554366
23678,7.2581760371211725
23679,7.393685081650227
23680,7.1059628278687015
23681,5.661453108018641
23682,12.771880875053682
23683,12.228928555000323
23684,11.261950154848526
23685,10.525453549361162
23686,10.771692764461402
23687,10.781109734111494
23688,10.158934698650617
23689,10.983045650666012
23690,11.152098255158785
23691,10.293075536347505
23692,9.657939657731859
23693,5.072719539749318
23694,14.891662557423771
23695,14.001920128585038
23696,8.258065767357321
23697,15.494905937974924
23698,11.954351401000231
23699,9.043190610682082
23700,11.841194466576368
23701,10.899122846235793
23702,10.503817492558763
23703,9.264393790685572
23704,7.493202154439644
23705,11.944835279261264
23706,9.254527801615918
23707,7.570055293627837
23708,9.961125049764195
23709,12.321252720915451
23710,10.149300249635303
23711,5.563357846375804
23712,8.82741320613217
23713,9.29284119438497
23714,11.434554506247439
23715,10.39734620668091
23716,9.87143159613358
23717,11.665449638341165
23718,11.22306791045499
23719,9.407762627797272
23720,11.012834900614445
23721,14.87199878612442
23722,13.8519725320306
23723,11.738193587155353
23724,10.167422716772945
23725,10.470452747781119
23726,6.812202180576569
23727,10.664641233597623
23728,13.143071003203655
23729,9.106647282112553
23730,7.628012813520728
23731,10.18039170522119
23732,11.162277046790726
23733,7.493202154439644
23734,8.237360277108593
23735,9.654034883276363
23736,12.064029560957009
23737,7.863406737892004
23738,12.776021690028987
23739,9.454616025164468
23740,10.154935422399328
23741,9.623956430072084
23742,10.412395419942722
23743,9.857027164362519
23744,15.063489410189902
23745,10.9954388796125
23746,9.176409977087523
23747,12.574651269671099
23748,4.690520665086671
23749,12.133952746029747
23750,13.280348797573918
23751,11.13568871790422
23752,9.994350202001693
23753,9.921503506479132
23754,10.831036369940456
23755,4.542563581416717
23756,15.591849468613129
23757,8.559433951817605
23758,7.2581760371211725
23759,10.232705311795803
23760,9.259622039580702
23761,9.981033142520014
23762,12.541718034001432
23763,7.334343537858007
23764,9.379384695303559
23765,8.965781897217578
23766,6.4263169470750094
23767,10.1975209966942
23768,11.21507050423343
23769,9.563285371568032
23770,9.839604222392412
23771,11.300648302312426
23772,10.815638720351458
23773,9.870081421511257
23774,9.877388867250248
23775,10.875852059479328
23776,7.493202154439644
23777,11.50568868522756
23778,12.689692834159896
23779,8.830276753170022
23780,11.181977523803637
23781,10.369446613538017
23782,9.799403726106894
23783,10.495830392845964
23784,10.794691556601435
23785,8.836461689364711
23786,10.25367353468221
23787,10.32220417756089
23788,11.466742400260358
23789,9.370581544520912
23790,8.850857860595232
23791,11.067372256026974
23792,9.923037684974267
23793,11.743664278484765
23794,8.35873854441807
23795,11.773905492331458
23796,10.44458138990302
23797,6.503939593751589
23798,10.100398244620823
23799,7.549349803379107
23800,12.60555358025073
23801,13.224309356563964
23802,12.893300853058044
23803,10.958804328761557
23804,9.176678973141758
23805,11.58261710102768
23806,7.2581760371211725
23807,9.265874516539583
23808,9.930040409466283
23809,13.33362997426134
23810,6.672830496968743
23811,11.997644846540867
23812,12.718066871906693
23813,9.105814338824354
23814,11.408005640061937
23815,7.651739099858087
23816,10.2064114428764
23817,10.513060125678255
23818,7.570055293627837
23819,9.530890350585365
23820,6.381775114666347
23821,7.334343537858007
23822,9.781527684574655
23823,6.135213873119755
23824,7.576903277346142
23825,10.274350079628443
23826,6.899824397547857
23827,10.411043340071291
23828,5.374067239443073
23829,15.802363747691047
23830,14.85240590251974
23831,7.493202154439644
23832,12.59335312101716
23833,10.851530783223156
23834,9.854186198733203
23835,13.965258943121817
23836,9.44860271650695
23837,8.922826678374546
23838,14.302019604224325
23839,16.70693418219489
23840,13.786100495185986
23841,9.517020213167662
23842,7.570055293627837
23843,10.467625498527722
23844,12.072261784546185
23845,12.573774718155537
23846,6.342138242454606
23847,12.929202280986411
23848,10.327689189057406
23849,11.968794889307993
23850,8.97902988124884
23851,9.897807318867232
23852,11.684832515967615
23853,7.393685081650227
23854,10.089807094918553
23855,12.15332753951298
23856,11.667083519734245
23857,10.558591559263462
23858,6.135213873119755
23859,9.03756685320939
23860,12.291770530804264
23861,6.968231674125949
23862,10.414723023492233
23863,10.848231893979897
23864,7.393685081650227
23865,9.878077889073642
23866,11.116368681141834
23867,7.842701247643274
23868,7.35234959597018
23869,10.917243642817773
23870,9.72284684551886
23871,5.73221824426069
23872,10.178824305780614
23873,12.044389670240466
23874,9.585860141641112
23875,6.121056098131074
23876,8.60332507148434
23877,9.487941184683999
23878,8.33240316077798
23879,11.50568868522756
23880,11.348870194603256
23881,9.205311653709368
23882,9.394429663767832
23883,7.570055293627837
23884,9.045386569385588
23885,11.231149436973125
23886,10.203386458127703
23887,9.193989371272176
23888,10.924529987290128
23889,10.74144092318757
23890,9.105066270232314
23891,8.672657254200395
23892,10.981148343126744
23893,10.77506726088362
23894,5.528927388697476
23895,13.662361007807945
23896,10.396031324409215
23897,12.54616757180918
23898,10.539119257262819
23899,11.13417568394338
23900,12.972436554250033
23901,6.576426105780441
23902,7.953067078040141
23903,14.026369649652633
23904,12.190759658844406
23905,9.468789686720791
23906,7.570055293627837
23907,5.380970305027521
23908,12.059321140182373
23909,9.939683217076107
23910,9.678240815362816
23911,9.054883106620059
23912,9.81267609280496
23913,6.68292940464521
23914,12.543877684548711
23915,10.840365699375447
23916,10.137344035465729
23917,7.965390982143865
23918,7.0761946095254675
23919,9.068958338651576
23920,14.016680724510286
23921,6.589417292777233
23922,6.576426105780441
23923,15.574961382406615
23924,9.572670612414365
23925,10.787928444671408
23926,8.112049556320242
23927,11.728852706897047
23928,11.418287398649252
23929,6.135213873119755
23930,4.6718501656793405
23931,9.593928269266431
23932,9.425215447545794
23933,13.505845985425754
23934,7.2581760371211725
23935,9.348734207400959
23936,10.844368035323182
23937,10.13327399486617
23938,14.626953173537629
23939,10.88730213159257
23940,12.688314853055084
23941,7.181322897932981
23942,8.258065767357321
23943,7.651739099858087
23944,10.238466239588329
23945,9.173283881023448
23946,9.8471831805758
23947,6.541338119062365
23948,11.232651475429087
23949,5.528927388697476
23950,10.91196484401769
23951,10.36673256142886
23952,6.576426105780441
23953,9.240679797776703
23954,10.124275923352469
23955,10.490508144297863
23956,16.72491922708852
23957,4.397422146038377
23958,16.918338309961023
23959,11.326782450906954
23960,5.661453108018641
23961,9.027887956506175
23962,10.203230827892796
23963,6.096905054655115
23964,9.620989090507909
23965,10.194261000552903
23966,10.166740841828918
23967,8.903653818231557
23968,6.337713264014677
23969,9.49723448550619
23970,11.675486159294174
23971,9.930818038165077
23972,6.135213873119755
23973,8.825398239707132
23974,8.951213326675369
23975,13.94877518568431
23976,12.726690190119175
23977,10.447634117467551
23978,8.559433951817605
23979,13.474276422066396
23980,10.870345049298043
23981,10.240354687574742
23982,10.1674383911558
23983,5.508723550694121
23984,10.154567838041304
23985,11.030847272578043
23986,10.317728930996163
23987,10.914505153202038
23988,9.789587835217265
23989,9.865357019587131
23990,11.525427589095088
23991,9.992262691436624
23992,12.19338928720856
23993,11.82524360250263
23994,16.775376790290334
23995,8.43266331419665
23996,10.941685950393428
23997,8.636556414862197
23998,11.323683599570444
23999,6.135213873119755
24000,8.982207432097916
24001,15.012292140577454
24002,6.135213873119755
24003,10.339646278891614
24004,10.87339784757373
24005,6.9967477168304555
24006,8.94440563802226
24007,7.150213101721654
24008,8.108485866238594
24009,7.393685081650227
24010,7.863406737892004
24011,9.4325805187172
24012,10.425372883020936
24013,9.254527801615918
24014,10.614630264948486
24015,11.771474147389869
24016,9.318226334171289
24017,11.40206706511699
24018,8.058097553845107
24019,6.999341470337276
24020,7.863406737892004
24021,9.092721063784191
24022,11.102630196795324
24023,10.545924685612787
24024,15.814795430230198
24025,11.742134675090364
24026,9.97088171663184
24027,10.267339135745928
24028,11.095550894072394
24029,9.85737084457666
24030,4.397422146038377
24031,9.563285371568032
24032,6.4263169470750094
24033,10.99630571478881
24034,13.283409228383663
24035,14.263957270447325
24036,10.806810688226973
24037,13.292908271335772
24038,11.287955960725236
24039,10.836019725421822
24040,6.135213873119755
24041,10.6577725233637
24042,12.69724900501716
24043,8.510686977394112
24044,9.207088714740769
24045,12.950496167022012
24046,7.493202154439644
24047,11.523098128716615
24048,12.941114964999226
24049,16.79170505330972
24050,11.630963450408407
24051,12.758253547102328
24052,10.719120965186358
24053,8.39289133319889
24054,10.798916259038009
24055,9.186674332416448
24056,8.570457801378902
24057,4.456534151850888
24058,7.181322897932981
24059,10.390468222877555
24060,9.0126937995969
24061,11.296822809168775
24062,11.313957715323399
24063,10.14181427096626
24064,5.528927388697476
24065,10.704278954597692
24066,12.209127766716717
24067,9.574097596525531
24068,6.096905054655115
24069,9.407674570105668
24070,4.935394994412768
24071,7.0818058251435625
24072,7.549349803379107
24073,14.946902591418528
24074,6.999341470337276
24075,15.507544211636276
24076,7.3625752854389
24077,11.172794635223019
24078,9.386868655109325
24079,6.760971642034328
24080,8.881376541055163
24081,9.565022315582295
24082,7.2581760371211725
24083,7.493202154439644
24084,7.832723022398653
24085,12.041717327171165
24086,10.78950426104104
24087,7.493202154439644
24088,9.599120564772122
24089,11.365699577246309
24090,10.3056232225415
24091,8.926323425785302
24092,7.493202154439644
24093,10.80121740015697
24094,11.915951063850658
24095,14.68844339299558
24096,8.035412702856025
24097,11.286058572565867
24098,12.833216658306844
24099,17.01816083148875
24100,13.542473822607036
24101,12.245788729106922
24102,7.493202154439644
24103,10.67539225448699
24104,6.7836564930234236
24105,6.722818103261535
24106,11.57317625608647
24107,10.496596336350844
24108,8.475642936280696
24109,6.496995754798213
24110,10.46541453396648
24111,12.404467961318852
24112,10.483200933854375
24113,10.166927871778912
24114,13.057315988969634
24115,9.976577994100557
24116,10.186214467673125
24117,8.634570798788559
24118,14.018674987071735
24119,7.393685081650227
24120,7.181322897932981
24121,14.24057047047955
24122,11.784346409061264
24123,7.628012813520728
24124,7.493202154439644
24125,11.492912388045207
24126,10.544445459665864
24127,8.25640086686601
24128,4.542563581416717
24129,11.333372376037198
24130,6.230130052837764
24131,7.631033609609357
24132,10.736023122279345
24133,10.431565298480436
24134,7.953067078040141
24135,6.268925991634409
24136,9.23773050782687
24137,10.934104784148191
24138,6.413325760078218
24139,10.109038969992636
24140,8.82741320613217
24141,13.791077017798699
24142,12.390276877822844
24143,8.76863036777129
24144,8.23635348364522
24145,10.608777412105415
24146,10.077907955459068
24147,6.760971642034328
24148,6.8147662892347505
24149,14.586618158197467
24150,9.54139959285603
24151,10.213210152847301
24152,13.74975329377475
24153,7.651739099858087
24154,8.078388881003102
24155,9.055140281764727
24156,10.64137099500606
24157,9.48923443925557
24158,14.362487590125951
24159,10.110041752105166
24160,8.549752311130174
24161,12.695228206443373
24162,18.20601184804064
24163,14.652089396745508
24164,13.858378291121733
24165,10.080279054329097
24166,11.541073679236758
24167,11.132659601320116
24168,10.453180531012405
24169,11.127652537040682
24170,11.10006550619661
24171,10.761575742540307
24172,12.587220785854342
24173,7.393685081650227
24174,4.600598102868315
24175,11.038827634564418
24176,7.576903277346142
24177,6.7298618458230015
24178,11.465497265776715
24179,11.303404939081442
24180,6.78244647743463
24181,7.393685081650227
24182,6.794083571362034
24183,8.258065767357321
24184,11.302765277548719
24185,9.39279755551517
24186,10.689044562734496
24187,10.804656959481775
24188,7.651739099858087
24189,10.663399201256809
24190,10.680348775676446
24191,8.686414485782239
24192,11.247473142905228
24193,6.9967477168304555
24194,10.470484168491573
24195,8.63204922609724
24196,12.358496222194393
24197,9.567754643216203
24198,7.631033609609357
24199,12.768561849761573
24200,10.928724380496247
24201,4.893708347018955
24202,7.0761946095254675
24203,10.77677442696267
24204,8.629130026434588
24205,8.972913203449282
24206,11.323474570993097
24207,10.404476484164837
24208,16.06478931736069
24209,8.022354011587494
24210,8.141746718046228
24211,9.550512496986412
24212,11.291144891591252
24213,6.955779849214226
24214,6.760971642034328
24215,12.320588871059469
24216,5.878882113604597
24217,6.230130052837764
24218,7.181322897932981
24219,14.08502173448863
24220,11.22469910849215
24221,9.952846995550871
24222,10.007889237940443
24223,10.416854654382512
24224,9.220949344490576
24225,10.581545739625424
24226,11.403053391691703
24227,8.87668714038617
24228,5.072719539749318
24229,14.484170407376375
24230,10.730146792556559
24231,6.899824397547857
24232,8.905617935536574
24233,11.770065733376926
24234,7.181322897932981
24235,9.429559351640213
24236,6.899824397547857
24237,11.990285473042132
24238,11.781240274815701
24239,6.566761500120777
24240,8.595334832611686
24241,10.239627934754068
24242,10.152133612182212
24243,7.570055293627837
24244,7.570055293627837
24245,6.3952071508636825
24246,13.940475830784678
24247,17.01541616026112
24248,7.570055293627837
24249,8.022354011587494
24250,7.599220733565649
24251,6.999341470337276
24252,10.4259440686101
24253,10.386070706158621
24254,6.9047995308572405
24255,11.776473108433676
24256,6.983756529833664
24257,9.305494249522427
24258,11.578164966161154
24259,12.264589121133143
24260,8.258065767357321
24261,10.959813042391998
24262,8.688282778692507
24263,12.634158064575095
24264,8.885370726025062
24265,9.849308740859987
24266,12.455386492307595
24267,11.957492586841207
24268,9.889314853273456
24269,10.659685144944751
24270,10.806342469936911
24271,10.048252607453144
24272,9.468789686720791
24273,9.46651966432061
24274,12.370260518091664
24275,13.761308786291702
24276,7.181322897932981
24277,7.570055293627837
24278,5.868377477353492
24279,10.721608146243112
24280,10.849013090916653
24281,11.652575562317253
24282,11.316776697698005
24283,8.23635348364522
24284,9.388670835846451
24285,6.899824397547857
24286,10.030095907635996
24287,6.413325760078218
24288,8.144159142827524
24289,11.02930465341108
24290,8.655483628950366
24291,14.12278308454369
24292,12.898058709314332
24293,4.893708347018955
24294,9.266702611792157
24295,10.737461829935894
24296,9.25836183056822
24297,6.230130052837764
24298,5.405121348503481
24299,10.295584995871279
24300,10.979298027751707
24301,9.478849021510365
24302,9.574097596525531
24303,9.678240815362816
24304,9.803856815323861
24305,8.35873854441807
24306,6.230130052837764
24307,10.829755026025994
24308,7.393685081650227
24309,11.736595380225262
24310,6.812202180576569
24311,9.544613651030152
24312,9.31914089335185
24313,13.091039609686037
24314,9.483235596701576
24315,10.512530071700635
24316,9.54139959285603
24317,11.693632385919747
24318,11.844876296574386
24319,9.972974125457535
24320,9.70544163984085
24321,9.101765444472688
24322,9.171445144966913
24323,9.137897769274678
24324,8.949380078125515
24325,7.570055293627837
24326,10.204678986598969
24327,9.659813274234505
24328,11.164458187954807
24329,6.135213873119755
24330,7.493202154439644
24331,8.894385736604667
24332,11.714754634014117
24333,9.974824399487511
24334,9.468066852657579
24335,8.237360277108593
24336,6.7836564930234236
24337,6.7836564930234236
24338,5.661453108018641
24339,10.036490131966605
24340,10.970079038401082
24341,9.18051300209406
24342,10.296889599273545
24343,10.278972137357899
24344,12.137853632461027
24345,10.514435415618856
24346,4.513252726136535
24347,9.530890350585365
24348,11.885140100825636
24349,7.0818058251435625
24350,10.41580710200403
24351,6.612102143766328
24352,11.074435787123301
24353,16.530388434485566
24354,4.759420502371361
24355,7.651739099858087
24356,11.374380979434239
24357,10.875650594505522
24358,10.695260589122771
24359,9.026674922738534
24360,12.922398615584493
24361,8.674796049461007
24362,7.651739099858087
24363,8.559433951817605
24364,5.868377477353492
24365,4.426733001318558
24366,9.245162856019125
24367,9.394429663767832
24368,6.7298618458230015
24369,9.996373578477083
24370,10.456353239139473
24371,10.016132904299742
24372,10.34858637004716
24373,9.432378979470453
24374,14.305666642696256
24375,11.009515314196653
24376,7.493202154439644
24377,17.649826781610667
24378,10.912531995317988
24379,10.349604016155231
24380,10.565869655192538
24381,10.048598485109379
24382,10.32144410220017
24383,12.940399305259723
24384,8.58917493571648
24385,13.436211169778076
24386,9.055140281764727
24387,11.942413707822572
24388,7.631033609609357
24389,6.812202180576569
24390,9.386034946700535
24391,11.548901306872532
24392,7.651739099858087
24393,9.303957694329615
24394,9.891372854145352
24395,11.432855660762796
24396,8.237360277108593
24397,12.138097021853605
24398,5.041665430688909
24399,14.387204042734115
24400,8.853330400992753
24401,10.435211297204095
24402,11.271858909521095
24403,4.513252726136535
24404,8.696395818168513
24405,10.305158239399523
24406,9.54901766370238
24407,11.282173619303652
24408,8.022354011587494
24409,12.094192234521211
24410,8.022354011587494
24411,7.570055293627837
24412,9.760128041815406
24413,11.908270637480255
24414,10.52680805631467
24415,6.268925991634409
24416,6.899824397547857
24417,6.825193367573361
24418,9.246242318236147
24419,9.610967551218632
24420,4.569080211950031
24421,10.277573087315949
24422,9.2553975531736
24423,13.533615992457039
24424,11.950964143667703
24425,10.716164420148955
24426,14.599424122388527
24427,12.977126922880256
24428,9.721768043128623
24429,6.230130052837764
24430,14.530842823656423
24431,9.469379987640258
24432,8.134929775645432
24433,8.779594498020964
24434,5.405121348503481
24435,16.914409541960634
24436,11.313219307345152
24437,13.583187959281796
24438,14.704139322580719
24439,7.651739099858087
24440,9.501134881185463
24441,10.538706301939829
24442,13.464545249192511
24443,8.635319084310842
24444,12.117758145620899
24445,7.628012813520728
24446,11.749502478641238
24447,12.951808112615986
24448,7.570055293627837
24449,7.253648680157966
24450,13.628591162972493
24451,10.335210972957164
24452,12.600898756667226
24453,8.33240316077798
24454,11.048886672296506
24455,5.491620787120014
24456,9.414110529652044
24457,10.40708884885895
24458,10.470452747781119
24459,6.980550300559204
24460,10.121251761926084
24461,7.627694982122174
24462,9.609827036788419
24463,13.38347280127491
24464,7.570055293627837
24465,11.396480284872803
24466,7.3625752854389
24467,9.170329083647276
24468,9.141458120954699
24469,8.38678468448048
24470,13.255979641689738
24471,12.99764889012402
24472,8.696395818168513
24473,10.289211838438053
24474,9.370581544520912
24475,7.66150722349663
24476,11.334681567625115
24477,9.307187417374283
24478,12.971665663928002
24479,9.187778255757555
24480,9.965421376746816
24481,10.045166874180474
24482,11.628707592129526
24483,9.43388982860949
24484,9.368799201558353
24485,6.229526946441711
24486,7.842701247643274
24487,10.07416218147799
24488,12.025155623243272
24489,10.650442890953256
24490,12.913633933280456
24491,10.928521986147988
24492,14.487663167659317
24493,11.80084104927321
24494,11.240914192363787
24495,10.95881593184447
24496,10.463418395489557
24497,6.899824397547857
24498,7.493202154439644
24499,10.368132317297631
24500,9.925969508372912
24501,9.58399086181676
24502,10.048532921259717
24503,12.25235268024846
24504,10.658899804703319
24505,10.146080218403345
24506,7.181322897932981
24507,12.253898373447734
24508,9.243650072928183
24509,9.20284676943296
24510,9.802233174823384
24511,14.391353009112674
24512,12.660305902639594
24513,11.688704806214746
24514,6.945546823136854
24515,9.997020504227415
24516,14.244714597053898
24517,5.360766467024166
24518,9.055140281764727
24519,6.999341470337276
24520,7.0818058251435625
24521,5.661453108018641
24522,10.558591559263462
24523,11.259646715379489
24524,10.326558688857986
24525,9.388670835846451
24526,6.649225029827483
24527,9.425215447545794
24528,9.5577570619188
24529,10.664840053875844
24530,11.618370042758523
24531,9.628361325460572
24532,9.625025895289486
24533,10.588904925010095
24534,4.771796294484992
24535,10.325592954210778
24536,8.180017794430807
24537,10.23133976734331
24538,11.442287436269861
24539,10.4793298504274
24540,7.3086269733371205
24541,10.331586513492635
24542,17.00133375955861
24543,11.334434237129857
24544,10.309058922965868
24545,9.392464926987085
24546,11.178992761801121
24547,12.342444726181125
24548,9.309253007455562
24549,12.708868757913196
24550,5.661453108018641
24551,10.601286282120984
24552,12.483632888706289
24553,9.802233174823384
24554,9.975138662234247
24555,11.79763666602736
24556,9.458763359260846
24557,12.071606689503986
24558,10.668514125434493
24559,12.58022932511393
24560,10.610056689506106
24561,10.865051338617768
24562,7.651739099858087
24563,11.221338453738326
24564,16.2447282120598
24565,8.74099281517413
24566,12.908664496615781
24567,10.86488191826494
24568,12.715608546424196
24569,11.408998262730695
24570,10.663696340329198
24571,6.685921021347295
24572,11.408005640061937
24573,8.704099787799496
24574,9.809282696921755
24575,10.64291643939519
24576,10.497238117745416
24577,4.397422146038377
24578,6.4263169470750094
24579,11.510303346986403
24580,11.906649780523097
24581,6.68292940464521
24582,12.617492234314856
24583,5.349916195967113
24584,6.8147662892347505
24585,7.334343537858007
24586,8.022354011587494
24587,8.603950130975955
24588,7.3086269733371205
24589,9.261399005236768
24590,7.0818058251435625
24591,14.815912293370204
24592,10.62825997893455
24593,8.80829790356168
24594,5.009253234818473
24595,11.863428400452923
24596,6.487543471861943
24597,4.426733001318558
24598,11.904283763464562
24599,14.024330569875971
24600,6.8147662892347505
24601,8.85780554058793
24602,8.400462555712114
24603,9.671903590009121
24604,12.978417778520416
24605,7.393685081650227
24606,9.560080892684185
24607,13.557130276021978
24608,10.34064426317373
24609,9.335815596280968
24610,10.327362505291815
24611,8.213598968440753
24612,14.243637595985488
24613,9.622983379611915
24614,6.86871460133653
24615,9.593897363971305
24616,8.870707610193936
24617,5.041665430688909
24618,8.655483628950366
24619,7.393685081650227
24620,7.953067078040141
24621,12.063503997654676
24622,10.480689893990665
24623,10.330173976673448
24624,7.992357659989253
24625,8.248465326040217
24626,12.29848809397697
24627,4.427223296570706
24628,4.397422146038377
24629,11.34815841263706
24630,10.178206203319439
24631,13.157541362066244
24632,8.559433951817605
24633,11.189813858108758
24634,4.397422146038377
24635,9.798654108425017
24636,9.804895952309714
24637,16.345999110121628
24638,16.982393840805344
24639,9.52418304609233
24640,14.241767839442069
24641,7.863406737892004
24642,12.855274476161474
24643,9.65251462894946
24644,10.115664620638938
24645,9.85737084457666
24646,11.171918623948356
24647,12.086200991561224
24648,10.63439623680234
24649,9.577233222951183
24650,6.630220752980863
24651,12.896098046936906
24652,5.661453108018641
24653,11.487408919839323
24654,13.577767342866197
24655,13.101282233753238
24656,14.867930502613708
24657,4.893708347018955
24658,10.397264703512457
24659,9.12145875478471
24660,10.0891073451713
24661,10.25367353468221
24662,8.816193369514195
24663,10.35393350342526
24664,16.09391089802349
24665,7.493202154439644
24666,11.204604808214787
24667,10.72525190899754
24668,10.29572380520153
24669,10.965559291513229
24670,8.022354011587494
24671,11.064259817451562
24672,11.093227800774347
24673,7.953067078040141
24674,9.732400624816469
24675,10.343463855200719
24676,8.629130026434588
24677,9.432862325480137
24678,13.91350838427488
24679,7.493202154439644
24680,8.559433951817605
24681,10.15857320758147
24682,9.711150147031692
24683,12.14007387526655
24684,7.570055293627837
24685,6.734129473239232
24686,10.233162514827436
24687,5.3486132600855685
24688,9.752557905758785
24689,12.379498845304004
24690,6.9967477168304555
24691,6.630220752980863
24692,7.576903277346142
24693,13.3018607472381
24694,9.373782013571189
24695,11.260553322614216
24696,13.323338725212377
24697,11.765307763857951
24698,11.185465710267783
24699,10.43088283299477
24700,11.28788113191706
24701,10.46817947987001
24702,10.21023274513786
24703,14.039409901179587
24704,9.03622639889274
24705,8.906847944780424
24706,10.798009343205505
24707,6.747980455037537
24708,10.258364557110617
24709,11.54218444744019
24710,10.38448395055185
24711,10.44458138990302
24712,10.397004062328174
24713,7.570055293627837
24714,10.017823964490807
24715,6.413325760078218
24716,9.455776611803147
24717,10.05837239512526
24718,12.06907351188443
24719,12.179944528366104
24720,13.26913204185552
24721,10.649168356692499
24722,10.558591559263462
24723,11.06511204457447
24724,9.378569131919223
24725,10.755422951998751
24726,10.315045307130491
24727,11.492477506950305
24728,14.620577116546002
24729,7.551141393099763
24730,7.334343537858007
24731,6.559830439410034
24732,9.58399086181676
24733,10.900502777828143
24734,7.973772568288871
24735,10.604711678255054
24736,8.559433951817605
24737,10.852473996099304
24738,6.630220752980863
24739,6.945546823136854
24740,8.885603554010718
24741,13.719608306155555
24742,9.711150147031692
24743,7.3625752854389
24744,10.190460014002428
24745,5.553078432173436
24746,10.219291093889934
24747,10.576185440116358
24748,9.478340642657932
24749,4.427223296570706
24750,7.493202154439644
24751,11.229998828971949
24752,9.820283828374045
24753,10.658133986161356
24754,8.82741320613217
24755,13.552271500057886
24756,7.731173610278146
24757,10.806580801602024
24758,11.844666605763164
24759,8.022354011587494
24760,7.929152877306429
24761,8.94896105034907
24762,14.401076919252006
24763,10.710168603825755
24764,9.876864019321685
24765,11.50159175456677
24766,7.393685081650227
24767,11.428295378756829
24768,11.74716577936432
24769,9.654951138307977
24770,9.258951525467008
24771,9.476417956720834
24772,10.240816375111251
24773,7.570055293627837
24774,10.552620635762038
24775,11.86490812081181
24776,13.968041591997967
24777,9.509155039304815
24778,10.067879639508957
24779,12.237159910344191
24780,11.362637624178795
24781,9.551332030720845
24782,10.723531976386845
24783,10.043573190241162
24784,4.893708347018955
24785,10.891254770356495
24786,18.79849435151712
24787,7.631033609609357
24788,8.910000705787409
24789,6.191821234373124
24790,11.309298401134539
24791,5.419279123492162
24792,10.6577725233637
24793,9.42734372704118
24794,6.983756529833664
24795,9.618845198527616
24796,10.152588028401777
24797,12.14874161788158
24798,9.512862536686429
24799,9.497311893460022
24800,10.622528482323935
24801,10.349589516780902
24802,11.083178562536729
24803,10.178206203319439
24804,10.926013496589505
24805,8.945530471058962
24806,8.961649743138597
24807,6.230130052837764
24808,10.368635051951232
24809,9.789587835217265
24810,13.895476678661014
24811,7.570055293627837
24812,9.983731181294957
24813,13.351290357899806
24814,12.536364889387839
24815,6.135213873119755
24816,4.544770617054819
24817,9.091302755146609
24818,10.090880807286918
24819,11.643147110612798
24820,11.019110292411835
24821,5.528927388697476
24822,10.672253816623922
24823,14.664200947594185
24824,10.655085181877485
24825,9.148266983875029
24826,14.936739571275329
24827,10.212457024578708
24828,6.623850233775925
24829,12.075126943528149
24830,8.580139442066333
24831,7.945800422565087
24832,14.61280043963615
24833,11.886473198837281
24834,9.346109451338592
24835,8.866194595455294
24836,13.056304415892354
24837,9.916291199656728
24838,9.054970957002302
24839,8.35873854441807
24840,9.815674048812294
24841,9.854857332017447
24842,11.218937502499134
24843,7.570055293627837
24844,8.922127752866963
24845,12.01273021565372
24846,10.278174651724587
24847,9.300870673981736
24848,12.150724656328178
24849,11.557235894670931
24850,12.14911117944045
24851,10.103317221720465
24852,10.175944149004222
24853,6.566761500120777
24854,10.732046665437391
24855,9.737260857668872
24856,7.570055293627837
24857,9.101765444472688
24858,11.72371113606374
24859,10.183002121530045
24860,12.729709071623583
24861,16.41083431166453
24862,6.899824397547857
24863,7.393685081650227
24864,10.615519907856914
24865,10.373724026955793
24866,14.018674987071735
24867,10.128628762371243
24868,7.570055293627837
24869,11.294096229221926
24870,12.151201391505372
24871,9.48995387148274
24872,10.710168603825755
24873,10.622388618090836
24874,10.171421428977414
24875,8.964273112411579
24876,15.08831483706016
24877,10.62792278969447
24878,10.099058491622479
24879,10.615519907856914
24880,6.597871296332104
24881,8.982355233387326
24882,10.05493542269673
24883,8.23635348364522
24884,10.41105554885014
24885,14.885630991005309
24886,9.696749009060287
24887,8.935141409408512
24888,10.776212843311074
24889,11.204764977301764
24890,12.285111131162958
24891,4.423938776571691
24892,5.083352078082721
24893,13.49688781285342
24894,8.029939034279744
24895,6.814919954136108
24896,10.80012379029885
24897,9.9623227179925
24898,6.86871460133653
24899,15.382498350201912
24900,10.201923071872843
24901,11.365699577246309
24902,11.293268865163295
24903,14.56569007458402
24904,6.899824397547857
24905,9.887904302148753
24906,10.526040668964141
24907,10.316181187574713
24908,7.738060812519041
24909,8.82741320613217
24910,12.298555890005415
24911,11.227055514418055
24912,11.108496613122817
24913,10.720732712727445
24914,9.852464870783088
24915,9.512408013395332
24916,9.244793223005516
24917,9.572489508289944
24918,10.691730084185403
24919,15.559991806550222
24920,9.751734362986157
24921,7.493202154439644
24922,9.863717645145794
24923,8.23635348364522
24924,14.54716889962964
24925,11.50127074697088
24926,9.11687562672197
24927,10.098737109703592
24928,13.240446812902482
24929,11.786281228060549
24930,11.284425787914843
24931,18.924062132976246
24932,8.748129596112461
24933,6.8147662892347505
24934,10.815015122853818
24935,8.655483628950366
24936,11.046770387552629
24937,9.49723448550619
24938,7.157878415755719
24939,6.485820984537054
24940,10.813518408617208
24941,10.409073684135
24942,12.222124984534666
24943,11.476536600911794
24944,10.202394357045158
24945,9.151537017702076
24946,8.208063934493216
24947,5.6373020645426815
24948,10.652450896713967
24949,7.570055293627837
24950,10.57940202820563
24951,15.672779970652442
24952,9.999109432430409
24953,6.243121239834556
24954,12.29876259107022
24955,10.7707725125592
24956,12.813342314612505
24957,10.867895307821051
24958,7.493202154439644
24959,11.161036810625655
24960,10.060143118338166
24961,9.735599580571028
24962,8.885370726025062
24963,8.213598968440753
24964,8.956422338637934
24965,7.863406737892004
24966,10.134458469008711
24967,10.791880666231089
24968,6.398745603707974
24969,7.631033609609357
24970,12.47968194446186
24971,12.163086843099348
24972,8.748129596112461
24973,10.52286677115921
24974,10.487663821603398
24975,10.301560296050097
24976,9.453041522111205
24977,8.35873854441807
24978,9.802233174823384
24979,11.089594884534915
24980,5.661453108018641
24981,15.700645780667648
24982,14.990296771159665
24983,9.393792372621038
24984,8.953967701600204
24985,10.570508681855076
24986,11.237129833797182
24987,11.490713257457951
24988,9.49723448550619
24989,11.183887931320314
24990,11.54149097225337
24991,4.67685142606431
24992,10.037817389787357
24993,16.756765881750912
24994,11.57177532475814
24995,12.278192869307022
24996,17.46139760496003
24997,8.797079874051219
24998,7.936634704095094
24999,9.834020492564452
